,community_size,name,lexical_change,ideology_lexical_shift,male_to_female_ratio,friends_count_mean,friends_count_median,follower_count_mean,follower_count_median,tweet_count_mean,tweet_count_median,tweet_count_rank,topic_words,top_follows
0,480,Wrestle,0.12381602800000001,0.06903344900000001,0.834319527,937.8770832999999,630.0,8332.564583,132.5,6340.041667,1332.5,108,"wrestl,wwe,wrestler,pro,fan,gamer,sport,#wwe,youtub,championship,fanat,hardcor,savag,xbox,game","TripleH,JohnCena,WWE,steveaustinBSR,RandyOrton,WWEDanielBryan,WWERollins,IAmJericho,TheRock,ShawnMichaels,StephMcMahon,VinceMcMahon,mikethemiz,HEELZiggler,TrueKofi,SashaBanksWWE,WWERomanReigns,WWEUniverse,CMPunk,RealPaigeWWE,BeckyLynchWWE,TheAJMendez,FinnBalor,RealMickFoley,WWECesaro"
1,3746, ,0.12069949999999999,0.07844791799999999,0.8614072490000001,1290.362787,766.0,3618.4596899999997,426.5,7877.874266,1037.0,93,"freak,dick,dl,bottom,atl,ass,nigga,freaki,top,vers,ver,dm,kik,dude,look","phatrabbitkill2,850Bdt,Yzmab,SRhyheim,Rastadikk1,AtlReddPolo,xgchase,TyroneNJohnnell,Str8ShootahATL,DLXRATED,AtlantaTrade,LustRashad,BeastDatBoss,_itz_TEDDY,Temptations312,Nola_Bwoy,xclusive002,MrMrslimkat,itsmeyoukraving,chino_blac,officialmckell,thaheromars,maxkonnorxxx,AtlantaDl3,"
2,426, ,0.11506128300000001,0.058829007,0.283505155,1118.3990609999998,717.5,1303.957746,329.0,4372.0657280000005,1230.5,102,"author,writer,book,write,novel,publish,fiction,reader,editor,bestsel,librarian,rep'd,seri,romanc,cat","nytimesbooks,penguinrandom,goodreads,penguinusa,PublishersWkly,nybooks,nprbooks,simonschuster,ajc,BarackObama,WritersDigest,littlebrown,NewYorker,nytimes,HarperCollins,parisreview,GuardianBooks,latimesbooks,TwitterBooks,neilhimself,TheEllenShow,PenguinBooks,nationalbook,cl_atlanta,NPR"
3,274,Car,0.13414942800000001,0.071630795,0.768518519,798.7226277000001,480.0,568.5474452999999,140.0,4161.4124090000005,593.0,65,"car,automot,auto,market,enthusiast,detail,dealership,tire,f1,truck,vehicl,dealer,cbt,industri,pre-own","Audi,Porsche,MercedesBenz,MercedesBenzUSA,ajc,Ford,Lamborghini,chevrolet,astonmartin,Cadillac,GM,Lexus,BentleyMotors,BarackObama,Maserati_HQ,BMW,BMWUSA,Jaguar,VW,Jeep,wsbtv,NissanUSA,Honda,JaguarUSA,rollsroycecars"
4,351,Pop Cuture / Entertainment,0.16292980699999998,0.1570169,0.6764705879999999,207.21082619999999,101.0,55.00854701,14.0,300.2364672,14.0,14,"hanna,opp,atlanta,us,locksmith,filthyrichmyteammedo,#elecciones2016,supercar,12z,whoopi,uniqu,facebook,indi,instagram,experi","ajc,ATL_Events,cl_atlanta,AtlantaMagazine,MidtownATL,CityofAtlanta,piedmontpark,espn,ATLINtownPaper,DiscoverAtlanta,jimmyfallon,SportsCenter,GAFollowers,BarackObama,AtlantaBeltLine,cnnbrk,taylorswift13,11AliveNews,KasimReed,TheEllenShow,FOX5Atlanta,AtlantaFalcons,danieltosh,wsbtv,KevinHart4real"
5,1402,Teacher,0.094439052,0.051712892999999996,0.300934579,591.4914408,346.0,701.0606277,208.5,1870.786733,490.0,53,"school,educ,teacher,elementari,princip,learn,student,public,grade,instruct,learner,leader,program,specialist,ap","apsupdate,ajc,georgiadeptofed,CarstarphenMJ,usedgov,educationweek,BarackObama,edutopia,wsbtv,CityofAtlanta,BGCMA_CEO,FultonCoSchools,DrEmilyAMassey,HuffPostEdu,APSPartnerships,KeishaBottoms,GaStandardsOrg,USNewsEducation,DonyallD,gaschoolsnews,dan_a_sims,FOX5Atlanta,AssocSupBattle,KasimReed,WeAreTeachers"
6,371,Beauty,0.133310426,0.084359562,0.089285714,488.60646900000006,325.0,834.8113208,132.0,8056.083558,1274.0,104,"makeup,beauti,mua,hair,youtub,fashion,lash,ig,artist,love,esthetician,addict,blogger,skin,lover","UrbanDecay,Sephora,NyxCosmetics,BenefitBeauty,MACcosmetics,tartecosmetics,ColourPopCo,TooFaced,ABHcosmetics,Smashbox,MAKEUPFOREVERUS,NARSCosmetics,MorpheBrushes,stilacosmetics,rihanna,ultabeauty,BarackObama,Jaclynhill,KimKardashian,NikkieTutorials,BobbiBrown,elfcosmetics,KylieJenner,iamcardib,fentybeauty"
7,671,LGBT,0.096839681,0.06979624,0.72244898,660.3934426,389.0,799.4083458,181.0,3350.438152,493.0,55,"gay,lgbtq,lgbt,hiv,atlanta,communiti,activist,lesbian,queer,__,transgend,support,tran,aid,pride","atlantapride,ProjectQAtlanta,theGAVoice,HRC,GAEquality,NOH8Campaign,glaad,BarackObama,TheEllenShow,HRCATL,TheAdvocateMag,cl_atlanta,ajc,huffpostqueer,FenuxeMagazine,CityofAtlanta,LambdaLegal,andersoncooper,ladygaga,DavidAtlantaGA,HillaryClinton,outmagazine,cnnbrk,AtlantaMagazine,Oprah"
8,275, ,0.13696146,0.10397596099999999,0.352941176,756.1345455000001,402.0,760.9818182,130.0,6243.007272999999,1124.0,96,"dead,walk,twd,#twdfamili,fan,egyptian,#twd,slinger,gamer,tachanka,_makeup,veeam,i'm,model,nurs","wwwbigbaldhead,WalkingDead_AMC,LaurenCohan,steveyeun,mcbridemelissa,chandlerriggs,AMCTalkingDead,TheWalkingDead,DanaiGurira,Cudlitz,SonequaMG,emmykinney,BarackObama,jimmyfallon,JDMorgan,TheEllenShow,hardwick,RobertKirkman,ajc,wsbtv,jonnybernthal,ChadLColeman,AMC_TV,Laurie_Holden,AlannaMasterson"
9,209, ,0.12454269,0.073624421,0.75,554.9712919,341.0,315.2009569,167.0,7266.267943000001,1805.0,119,"steeler,#steelersn,pittsburgh,pirat,#steelern,snozberri,love,#steeler,dream,gina,jersey,ain't,str,hate,alumnus","steelers,AB84,TeamJuJu,LeVeonBell,tpolamalu,mvp86hinesward,BarackObama,CoachTomlin,SportsCenter,espn,NFL,jharrison9292,RyanShazier,ajc,KingJames,JeromeBettis36,_BigBen7,bkeisel99,CamHeyward,MaurkicePouncey,_TJWatt,KevinHart4real,GAFollowers,AdamSchefter,Drake"
10,283, ,0.11617368,0.072740997,0.428571429,577.1024735000001,367.0,767.4310954,215.0,4588.558304,949.0,88,"run,runner,marathon,triathlet,5k,race,athlet,fit,ironman,coach,healthi,rrca,ambassador,10k,endur","ATLtrackclub,PeachyRuns,runnersworld,ajc,ajcprr,AtlantaBeltLine,BarackObama,PhidippidesATL,piedmontpark,cnnbrk,wsbtv,ATL_Events,CityofAtlanta,cl_atlanta,AtlantaMagazine,active,brooksrunning,runmeb,Braves,nytimes,WomensRunning,weststride,JeffGalloway,AtlantaFalcons,bostonmarathon"
11,394,Things To Do in Atlanta,0.110476788,0.11675711800000001,0.508196721,785.9822335,541.0,515.6421320000001,202.0,968.0913706,112.5,22,"atlanta,servic,offer,event,locat,us,area,compani,metro,call,clean,apart,busi,restaur,discount","tasteofatlanta,ATLINtownPaper,atlantamusic,yelpatlanta,CityofAtlanta,atlantasocial,AtlantaFalcons,Q997Atlanta,AtlantaSymphony,Braves,CenterStageAtl,DiscoverAtlanta,ZooATL,UndergroundATL,atlantatribune,AtlantaMagazine,AtlantaBallet,atlandco,AtlantaDream,atlantapride,masquerade_atl,AtlantaDNA,AtlantaBeltLine,ajcatlanta,AtlantaParent"
12,346, ,0.127105468,0.064873019,0.48235294100000004,620.8583815000001,380.5,394.699422,99.0,3606.277457,604.5,67,"tenni,blah,sport,mom,player,cricket,fan,proud,fanat,travel,biostatist,immateri,lover,blooper,shih","rogerfederer,RafaelNadal,DjokerNole,Wimbledon,serenawilliams,usopen,BarackObama,ajc,rolandgarros,MariaSharapova,AustralianOpen,andyroddick,andy_murray,Venuseswilliams,TheEllenShow,cnnbrk,CNN,jimmyfallon,nytimes,atptour,CaroWozniacki,wsbtv,espn,Oprah,TennisChannel"
13,297, ,0.14018112300000002,0.08294475,0.666666667,592.9393938999999,371.0,630.5925926,174.0,12241.764309999999,2474.0,127,"#whodat,orlean,nola,saint,lsu,#saint,dat,new,glass,@saint,#nola,member,cajun,tracklif,sport","Saints,drewbrees,Cantguardmike,A_kamara6,BarackObama,camjordan94,shonrp2,NFL,SeanPayton,markingram21,SportsCenter,LSUfootball,espn,LilTunechi,KingJames,ajc,Drake,AdamSchefter,stephenasmith,BleacherReport,obj,Mathieu_Era,JoeyB,TheEllenShow,JColeNC"
14,417,HBCU,0.11360251800000001,0.053664729,0.617021277,583.7098321000001,368.0,957.6354916000001,207.0,3743.0215829999997,642.0,71,"morehous,colleg,spelman,student,educ,cau,@morehous,clark,communiti,univers,hbcu,offici,career,@cau,alumna","Morehouse,SpelmanCollege,ajc,CAU,BarackObama,CityofAtlanta,HowardU,HBCUBuzz,wsbtv,CNN,jarrettcartersr,KeishaBottoms,KasimReed,cl_atlanta,Oprah,themaroontiger,cnnbrk,nytimes,FOX5Atlanta,AtlantaMagazine,BDTSpelman,GAFollowers,MichelleObama,marclamonthill,ATL_Events"
15,565, ,0.136087467,0.077926384,0.8857142859999999,714.2654867000001,399.0,548.0141593,133.0,7040.378761,1380.0,110,"manchest,unit,soccer,fc,arsenal,#ggmu,footbal,@chelseafc,madrid,mufc,fan,que,sport,futbol,chelsea","premierleague,ChampionsLeague,Cristiano,ManUtd,BarackObama,FCBarcelona,ChelseaFC,realmadrid,ATLUTD,FIFAcom,Arsenal,neymarjr,LFC,SkySportsNews,brfootball,KingJames,FIFAWorldCup,realDonaldTrump,Drake,WayneRooney,rihanna,CNN,MesutOzil1088,BBCSport,SkySportsPL"
16,1015,Atlanta United (US Soccer),0.098934816,0.054237985999999995,0.7476099429999999,655.7133005,442.0,1904.920197,174.0,6744.172414,1788.0,118,"soccer,unit,@atlutd,#atlutd,atlanta,fan,fc,sport,utd,support,atlutd,#uniteandconqu,mls,club,member","ATLUTD,MLS,DEalesATLUTD,DirtySouthSoc,USMNT,JosefMartinez17,DougRobersonAJC,Longshoe,MFparkhurst,ajc,TerminusLegion,BarackObama,USWNT,JulianGressel,BocaBoca3,bguzan,FdeBoerofficial,alexmorgan13,ESPNFC,atlutd2,FOXSoccer,FootieMob,TaylorTwellman,ResurgenceATL,AtlantaFalcons"
17,453,Georgia State University,0.131142331,0.060478477,0.503649635,520.0154525,299.0,854.6313466,223.0,7460.613687,1305.0,105,"state,georgia,univers,gsu,student,@georgiastateu,#thestateway,panther,graduat,sport,#georgiast,@gsusign,alumna,offici,undergradu","GeorgiaStateU,GSUPanthers,ajc,georgiastateSC,gsusignal,GSUSpotlight,BarackObama,GeorgiaStateFB,GAFollowers,wsbtv,GSUArtSci,CityofAtlanta,gsu_library,CNN,GSUParking,GSU_SGA,GSURecreation,cl_atlanta,AtlantaFalcons,GSU_Research,RobinsonCollege,AtlantaMagazine,GeorgiaStateMBB,GSU_PAC,gsu_news"
18,282,Science,0.134178438,0.0668232,0.578571429,750.5851064,414.0,1140.5780140000002,160.5,2933.067376,379.0,40,"scienc,phd,research,scientist,professor,@georgiatech,candid,student,studi,biolog,engin,@emoryunivers,neurosci,postdoc,emori","sciam,ScienceMagazine,nature,ScienceNews,NatGeo,NatureNews,NASA,newscientist,NSF,WIREDScience,ajc,BarackObama,NYTScience,neiltyson,ScienceChannel,PopSci,nytimes,BillGates,elonmusk,NPR,CityofAtlanta,Discovery,BillNye,scifri,GeorgiaTech"
19,456,Health,0.11437577199999999,0.05414584099999999,0.459854015,818.3157894999999,456.5,15879.04605,275.0,5577.416667,671.5,72,"health,healthcar,care,medic,provid,patient,practic,surgeri,prevent,cdc,physician,public,plastic,servic,nurs","NPRHealth,NYTHealth,HarvardHealth,WSJhealth,MayoClinic,NBCNewsHealth,CDCgov,NIH,AmerMedicalAssn,CDC_eHealth,WHO,ajc,HHSGov,WebMD,CBSHealth,USATODAYhealth,bbchealth,PublicHealth,drsanjaygupta,womenshealth,TIMEHealth,nytimes,latimeshealth,CDCemergency,"
20,514,Emory,0.117536741,0.057071115,0.599326599,656.0642022999999,394.0,1300.184825,279.0,2084.428016,382.5,42,"emori,health,@emorymedicin,research,medicin,@emoryunivers,fellow,care,diseas,professor,medic,md,resid,@winshipatemori,physician","EmoryMedicine,emoryhealthcare,EmoryUniversity,emoryhealthsci,CarlosdelRio7,GradyHealth,CDCgov,ajc,EmoryDeptofMed,BarackObama,NEJM,gradydoctor,NIH,EmoryRollins,nytimes,CityofAtlanta,WHO,WinshipAtEmory,JAMA_current,childrensatl,drsanjaygupta,KeishaBottoms,Atul_Gawande,NPR,AmerMedicalAssn"
21,355,Gwinnett,0.10706971300000001,0.074728319,0.469230769,654.4338028,322.0,622.2816901000001,117.0,2963.9126760000004,371.0,38,"gwinnett,mom,consult,realtor,duluth,clean,metro,pilat,profession,develop,help,atlanta,web,famili,counti","GwinnettDaily,ajc,GwinnettNewsNow,wsbtv,GwinnettSchools,GwinnettChamber,GwinnettMag,GDPsports,GwinnettEvents,FOX5Atlanta,11AliveNews,gwinnettctynews,CityofAtlanta,AtlantaMagazine,BarackObama,CityofSuwanee,GAFollowers,AtlantaFalcons,cnnbrk,Infinite_Center,GeorgiaGwinnett,GaLawrenceville,ATL_Events,ExploreGeorgia,cl_atlanta"
22,329,EDM/DJ,0.12272255300000001,0.129447528,0.659574468,831.0,534.0,762.1489362000001,229.0,5969.683891,1318.0,107,"dj,music,edm,produc,electron,remix,bass,danc,festiv,event,liquifi,#edm,techno,promot,spin","Zedd,Skrillex,CalvinHarris,tiesto,deadmau5,steveaoki,MartinGarrix,HARDWELL,diplo,davidguetta,kaskade,ultra,DillonFrancis,afrojack,nickyromero,Alesso,swedishousemfia,knifepartyinc,Fluxpavilion,porterrobinson,tomorrowland,bassnectar,Axwell,Ingrosso,zedsdead"
23,249,Rock n Roll,0.122045084,0.077582472,0.6542056070000001,1123.839357,662.0,1132.955823,140.0,3173.690763,782.0,80,"rock,guitar,music,band,guitarist,musician,blue,lukicoleon,vocal,songwrit,roll,floyd,cabinet,metal,cruehead","RollingStones,gunsnroses,PaulMcCartney,MickJagger,thebeatles,Metallica,Slash,ajc,OzzyOsbourne,foofighters,Aerosmith,pinkfloyd,jimmyfallon,RollingStone,PearlJam,ChiliPeppers,officialKeef,IamStevenT,ringostarrmusic,cl_atlanta,BlackSabbath,ConanOBrien,BarackObama,wsbtv,IronMaiden"
24,337,LGBTQ: Black,0.120720039,0.074815286,0.24806201600000002,487.83086050000003,360.0,914.0207715,172.0,7024.842729999999,2373.0,126,"__,cat,matter,nerd,writer,bi,bitch,black,art,__________,blm,justic,game,lover,#blacklivesmatt","jvn,antoni,bobbyberk,Karamo,tanfrance,QueerEye,BarackObama,chrissyteigen,AOC,TheEllenShow,MichelleObama,jimmyfallon,VancityReynolds,BernieSanders,staceyabrams,StephenAtHome,Lin_Manuel,SenSanders,EmmaWatson,ewarren,ajc,AnnaKendrick47,ChrisEvans,LilNasX,GAFollowers"
25,285,Music Industry,0.131801829,0.083610381,0.734693878,701.0561404,367.0,1372.687719,201.0,7694.336842000001,780.0,79,"music,artist,produc,record,book,songwrit,singer,stream,label,album,musician,entertain,avail,email,song","AtlanticRecords,CapitolRecords,Epic_Records,warnerrecords,warnermusic,RCARecords,ColumbiaRecords,UMG,sonymusic,defjam,Interscope,IslandRecords,virginrecords,islandrecordsuk,Drake,emirecords,JColeNC,LilTunechi,Tip,rihanna,ColumbiaUK,BarackObama,kendricklamar,RocNation,billboard"
26,302, ,0.12066523400000001,0.067643275,0.905172414,466.7483444,295.0,1927.639073,95.0,5087.443709,698.5,73,"mma,belt,ufc,bjj,martial,fighter,god,train,host,2toe,sambo,shit,artist,father,fit","ufc,danawhite,joerogan,TheNotoriousMMA,JonnyBones,NateDiaz209,dc_mma,arielhelwani,ajc,GeorgesStPierre,RondaRousey,BarackObama,realDonaldTrump,GamebredFighter,elonmusk,Cowboycerrone,espn,AtlantaFalcons,KingJames,GAFollowers,SportsCenter,stylebender,MikeTyson,wsbtv,ChaelSonnen"
27,631, ,0.099823151,0.060758975,0.41634241200000005,771.8541997000001,492.0,997.0522979,281.0,4227.045959,912.0,86,"film,actor,actress,filmmak,talent,writer,tv,produc,entertain,model,atlanta,product,director,televis,industri","gafmde,GA_Production,CastingGA,atlantafilmfest,actinginatlanta,BigPicCast,FilmAtlanta,ajc,FilmingInGA,georgiafilmbiz,WIFTAtlanta,HyltonCasting,ReelGA,Extrascasting,cl_atlanta,BarackObama,AtlantaMagazine,ATL_Events,ProjectCasting,JPervisTalent,KeepGAFilmBoom,CityofAtlanta,tylerperry,ActorsAccess,CSCasting"
28,269, ,0.142197395,0.084924739,0.5625,584.6802974,381.0,1677.420074,185.0,4597.289963,625.0,68,"film,filmmak,director,screenwrit,produc,movi,stori,writer,tv,televis,creativ,actor,editor,award,media","ParamountPics,wbpictures,UniversalPics,SonyPictures,20thcentury,warnerbros,MGM_Studios,ajc,sundancefest,Variety,THR,BarackObama,IndieWire,Tribeca,Lionsgate,TheAcademy,DisneyStudios,filmindependent,IMDb,amblin,ava,nytimes,netflix,EW,WBHomeEnt"
29,393,Radio: DJs and Atlanta Personalities,0.156564141,0.10792743099999999,0.6133333329999999,348.4223919,169.0,129.2086514,27.0,390.4452926,29.0,18,"music,artist,follow,money,woot,meallionair,soundz,us,croft,base,god,holm,pkwi,wesley,young","ajc,RickeySmiley,BarackObama,tarajiphenson,SportsCenter,jimmyfallon,V103Atlanta,Kandi,Tip,espn,taylorswift13,TheEllenShow,tylerperry,danieltosh,AtlantaFalcons,KevinHart4real,Drake,UncleRUSH,wsbtv,fatbellybella,ryancameron,hot1079atl,katyperry,KimKardashian,jtimberlake"
30,370, ,0.11132372,0.076716247,0.76875,710.8432432,439.5,860.8054053999999,163.0,4143.843243,967.5,90,"beer,craft,brew,breweri,atlanta,lover,homebrew,food,drink,tap,brewpub,growler,beverag,brewer,wine","MondayNight,sweetwaterbrew,BeerWildHeaven,TerrapinBeerCo,RedHareBrewing,atlbrewing,ThreeTaverns,orpheusbrewing,ajc,PorterBeerBar,WreckingBar,jekyllbrewing,creaturebeer,brickstorepub,BHB_brews,cl_atlanta,EventideBrewing,JailhouseBrews,HopCity,ATL_Events,BlueTarpBrew,AleYeahBeer,AtlantaMagazine,BeerGeekATL,secondselfbeer"
31,312, ,0.132738661,0.083853018,0.450617284,616.9935897,393.0,3344.3910260000002,99.5,3273.4839739999998,597.5,66,"countri,love,music,life,wife,southern,lover,mom,christ,bankruptci,less,kincaid,dreyon,schreetah,sing","blakeshelton,LukeBryanOnline,Jason_Aldean,mirandalambert,ajc,DierksBentley,carrieunderwood,ericchurch,BradPaisley,TheTimMcGraw,KeithUrban,TheEllenShow,FLAGALine,jakeowen,kennychesney,zacbrownband,jimmyfallon,wsbtv,williebosshog,JaseDuckman,ladya,realDonaldTrump,Braves,AtlantaFalcons,taylorswift13"
32,1353, ,0.08701608,0.043303187,0.575757576,632.1463415,349.0,2234.046563,210.0,3596.0598670000004,1174.0,98,"jesus,christ,husband,church,pastor,follow,father,love,christian,wife,god,grace,ministri,author,discipl","AndyStanley,louiegiglio,JohnPiper,CSLewisDaily,ajc,lecrae,RickWarren,BethMooreLPM,plattdavid,christomlin,passion268,passioncity,MattChandler74,timkellernyc,desiringGod,crowdermusic,bobgoff,BuckheadChurch,BarackObama,jimmyfallon,JohnCMaxwell,MaxLucado,CatalystLeader,TimTebow,shelleygiglio"
33,229,Gen-Pop News,0.125937983,0.12574988199999998,0.52,151.45851530000002,69.0,81.57641921,10.0,548.9432314,13.0,13,"supplement,truck,voicemail,ruth,lunch,es,product,servic,busi,de,artist,perform,gate,provid,im","FultonCoSchools,GwinnettSchools,ajc,wsbtv,Braves,AtlantaFalcons,FOX5Atlanta,ATLHawks,ATL_Events,GAFollowers,11AliveNews,BarackObama,TheEllenShow,jimmyfallon,SportsCenter,cnnbrk,cl_atlanta,AtlantaMagazine,taylorswift13,katyperry,rihanna,realDonaldTrump,CityofAtlanta,KimKardashian,jtimberlake"
34,231, ,0.130951548,0.09413737900000001,0.307692308,545.3679654,255.0,611.6623377000001,95.0,1631.852814,201.0,27,"parent,mom,famili,children,school,youth,nanni,doula,help,babi,atlanta,safe,infant,healthi,educ","parentsmagazine,parenting,HuffPostParents,ajc,Todaysparent,wsbtv,Oprah,pbsparents,ATL_Events,cl_atlanta,AtlantaMagazine,BarackObama,ModernMom,TheEllenShow,TodaysMoms,CityofAtlanta,FOX5Atlanta,GAFollowers,momsatwork,thebump,nytimes,BabyCenter,cnnbrk,coolmompicks,ScaryMommy"
35,752, ,0.10391133,0.06557223400000001,0.45569620299999997,627.2486702000001,319.0,447.0465426,146.0,2298.706117,391.5,44,"estat,real,realtor,atlanta,home,realti,properti,broker,agent,metro,sell,residenti,mortgag,buyer,buy","nardotrealtor,realtormag,ajc,realtordotcom,zillow,trulia,InmanNews,CityofAtlanta,AtlantaMagazine,NAR_Research,ATL_Events,wsbtv,cl_atlanta,ATLINtownPaper,HousingWire,AtlBizChron,WSJRealEstate,DiscoverAtlanta,AtlantaBeltLine,FOX5Atlanta,MidtownATL,WSJ,AtlantaREALTORS,Forbes,garealtors"
36,919, ,0.105735959,0.062557269,0.268199234,709.7431991000001,425.0,561.9945593,118.0,3936.721436,432.0,48,"fashion,design,style,jewelri,beauti,stylist,model,women,cloth,hair,boutiqu,brand,shop,accessori,luxuri","voguemagazine,ajc,ELLEmagazine,Burberry,marcjacobs,InStyle,VogueRunway,BarackObama,CHANEL,TheEllenShow,Oprah,MichaelKors,YSL,Dior,marieclaire,harpersbazaarus,LouisVuitton,Versace,Fashionista_com,dolcegabbana,rihanna,WhoWhatWear,VanityFair,wwd,KimKardashian"
37,593, ,0.145937904,0.10621376199999999,0.522012579,330.28161889999996,125.0,208.1500843,23.0,988.6745363,22.0,17,"servic,life,radio,compani,new,us,busi,help,best,music,tax,custom,promot,beauti,profit","ajc,TheEllenShow,jimmyfallon,wsbtv,KevinHart4real,WSJ,taylorswift13,BarackObama,ActuallyNPH,Oprah,katyperry,SportsCenter,ladygaga,nytimes,cnnbrk,azizansari,TheEconomist,voguemagazine,Forbes,GAFollowers,KimKardashian,marcjacobs,justinbieber,mindykaling,CHANEL"
38,3621,Trump,0.08044470299999999,0.042268377999999995,0.714959569,852.9707263,330.0,991.6647335000001,98.0,5373.723833,917.0,87,"conserv,#maga,patriot,trump,father,husband,#trump2020,american,#kag,christian,#wwg1wga,maga,proud,god,countri","realDonaldTrump,TuckerCarlson,POTUS,seanhannity,DonaldJTrumpJr,PressSec,IngrahamAngle,WhiteHouse,RealCandaceO,FLOTUS,IvankaTrump,RealJamesWoods,FoxNews,dbongino,marklevinshow,EricTrump,Mike_Pence,VP,KellyannePolls,benshapiro,DineshDSouza,ajc,JudgeJeanine,tedcruz,greggutfeld"
39,372, ,0.156941608,0.160157641,0.528571429,195.6209677,100.0,64.50268817,13.0,141.2365591,9.0,7,"hip-hop,music,rap,entertain,art,lifestyl,soul,show,cute,tv,cultur,us,literatur,cameroon_beauti,imvu","ajc,wsbtv,SnoopDogg,Diddy,cl_atlanta,TreySongz,justinbieber,GAFollowers,Ludacris,jimmyfallon,TMZ,tarajiphenson,CELEBUZZ,jimmykimmel,ATL_Events,fatbellybella,katyperry,llcoolj,Usher,TheRealEve,AtlantaFalcons,rihanna,GwynethPaltrow,aliciakeys,designmilk"
40,317, ,0.15239191,0.11443208099999999,0.7613636359999999,221.60567819999997,103.0,287.3564669,11.0,1955.6088329999998,17.0,15,"soccer,sport,nfl,nba,rap,soy,hip-hop,deport,game,mlb,mma,music,love,de,footbal","Cristiano,neymarjr,GarethBale11,MesutOzil1088,ajc,wsbtv,GAFollowers,AtlantaFalcons,FALCAO,cl_atlanta,StephenCurry30,KingJames,andresiniesta8,LuisSuarez9,ATLHawks,ATL_Events,rihanna,MarceloM12,jamesdrodriguez,kobebryant,D_DeGea,BarackObama,justinbieber,manuginobili,DezBryant"
41,574, ,0.101125706,0.058885241,0.32673267300000003,699.7735192000001,329.5,716.0522647999999,130.0,3237.299652,508.5,59,"design,interior,home,furnitur,decor,architectur,furnish,renov,residenti,servic,art,cabinet,product,estat,apart","ajc,hgtv,AtlantaMagazine,ArchDigest,cl_atlanta,dwell,InteriorDesign,CityofAtlanta,ATL_Events,wsbtv,HouseBeautiful,designmilk,BarackObama,ELLEDECOR,TheEllenShow,joannagaines,wallpapermag,cnnbrk,GAFollowers,ATLINtownPaper,chipgaines,DiscoverAtlanta,nytimes,DIYNetwork,FOX5Atlanta"
42,538, ,0.15001399599999998,0.12145225800000001,0.7956204379999999,133.2546468,87.0,25.05762082,5.0,189.14126389999998,4.0,1,"nfl,footbal,sport,nba,rap,hip-hop,ncaa,music,basketbal,wwe,money,laid,i'm,fun,whodietreetop","ajc,wsbtv,DangeRussWilson,paugasol,GAFollowers,cl_atlanta,AtlantaFalcons,RealMikeWilbon,obj,StephenCurry30,DezBryant,mcuban,tarajiphenson,AaronRodgers12,AdamSchefter,CJ1two,ATL_Events,Tip,RGIII,FOX5Atlanta,PeteCarroll,fatbellybella,KasimReed,RobGronkowski,ATLHawks"
43,379, ,0.108909853,0.067586794,0.64,667.3139842,437.0,1383.1635880000001,268.0,1872.253298,491.0,54,"estat,real,commerci,#cre,firm,retail,cre,invest,atlanta,tenant,broker,pr,develop,busi,@atlbizchron","AtlBizChron,ajc,CREatlbiz,AtlantaBeltLine,CityofAtlanta,mariasaporta,ajcrealestate,MidtownATL,AtlantaMagazine,MarkToro,cl_atlanta,ATLINtownPaper,atlchamber,CurbedAtlanta,ULI_Atlanta,SaportaReport,AtlBizAmy,InvestAtlanta,KasimReed,BisnowAtlanta,WSJ,CushWakeATL,WhatNowAtlanta,twilbert,downtownatlanta"
44,469, ,0.14027155,0.09163369199999999,0.44230769200000003,177.6375267,95.0,66.12579957,9.0,201.347548,12.0,11,"communiti,provid,breaza,organ,youth,nonprofit,creat,women,labour,foundat,god,servic,group,famili,educ","ajc,UNESCO,amnestyusa,RedCross,SavetheChildren,ICRC,wsbtv,Habitat_org,WorldVision,PeaceCorps,CARE,AtlantaFalcons,GAFollowers,SamaritansPurse,cl_atlanta,ATL_Events,ATLHawks,ONECampaign,CityofAtlanta,FOX5Atlanta,MSF_USA,NASA,AtlantaMagazine,KasimReed,BarackObama"
45,351, ,0.13426462,0.068516489,0.5168539329999999,125.8490028,92.0,27.53846154,5.0,122.09971509999998,5.0,2,"polit,news,manag,agenc,#election2016,american,govern,gov,trump,financ,busi,workday,world,america,i'm","ajc,wsbtv,GAFollowers,AtlantaFalcons,cl_atlanta,NASA,Interior,BBCBreaking,ATL_Events,maddow,StationCDRKelly,ABC,DeptofDefense,BBCWorld,washingtonpost,HuffPost,WIRED,FoxNews,paulkrugman,CityofAtlanta,SpeakerRyan,ATLHawks,JoeNBC,RedCross,HarvardHealth"
46,255, ,0.147751888,0.11504586,0.489130435,503.772549,181.0,1351.505882,52.0,2974.698039,118.0,23,"photograph,photographi,wed,base,art,photo,portrait,design,camera,commerci,graphic,atlanta,time,creativ,rug","Photoshop,Lightroom,ajc,500px,wsbtv,cl_atlanta,ATL_Events,NatGeoPhotos,DigitalCameraW,BarackObama,GAFollowers,NatGeo,MuseumModernArt,AtlantaMagazine,BHPhotoVideo,bernabephoto,AtlantaFalcons,CityofAtlanta,TheEllenShow,metmuseum,petapixel,ScottKelby,nytimes,nytimesphoto,FOX5Atlanta"
47,239, ,0.16643676699999999,0.158676138,0.342105263,118.02510459999999,78.0,49.36820084,6.0,368.4769874,5.0,2,"rap,watch,hip-hop,hobbi,fmoig,movi,music,riftganghustl,beast_queen,theeofficialce,sip,i'm,like,independ,love","ajc,wsbtv,AtlantaFalcons,GAFollowers,cl_atlanta,chrisbrown,pitbull,JLo,MissyElliott,LilTunechi,MacMiller,BrunoMars,KasimReed,chancetherapper,BigSean,ATL_Events,CalvinHarris,MariahCarey,aliciakeys,tarajiphenson,ciara,Tip,fatbellybella,ryancameron,1future"
48,234, ,0.137497653,0.090876715,0.430555556,151.29914530000002,91.0,81.17094017,8.0,239.9700855,11.0,9,"art,photographi,cultur,architectur,artist,print,ghrey,bai,cervic,nikon,fun,design,photograph,diy,news","ajc,wsbtv,FreakyTheory,DeviantArt,metmuseum,MuseumModernArt,planetepics,GAFollowers,Guggenheim,cl_atlanta,Tate,MeetAnimals,DesignMuseum,vangoghmuseum,AtlantaFalcons,ATL_Events,awkwardgoogle,RealTouchingPic,HomeAdore,ATLHawks,CreativeReview,architecturehub,chrissyteigen,ArchDigest,CityofAtlanta"
49,281, ,0.17031750699999998,0.128449938,0.53968254,163.3523132,85.0,68.01423488,6.0,134.90035590000002,7.0,4,"entertain,rap,hip-hop,music,tv,axe,fun,cultur,love,ordain,mone,i'm,wwa,myle,entretenimiento","danielhowell,AmazingPhil,camerondallas,ajc,wsbtv,connorfranta,AtlantaFalcons,GAFollowers,cl_atlanta,jccaylen,KianLawley,EthanDolan,GraysonDolan,ATL_Events,VancityReynolds,ATLHawks,tarajiphenson,KasimReed,fatbellybella,FOX5Atlanta,Tip,chrisbrown,coldplay,rihanna,CityofAtlanta"
50,402, ,0.146421929,0.12887415900000002,0.6,172.5298507,105.0,51.08208955,13.0,601.5273632,7.5,5,"sport,music,rap,nfl,nba,hip-hop,entertain,tv,soul,colleg,celebr,footbal,game,fit,spect","ajc,wsbtv,justinbieber,ladygaga,GAFollowers,petewentz,halsey,rihanna,LuceroMexico,kanyewest,TheAJMendez,cl_atlanta,IGGYAZALEA,WWESheamus,AtlantaFalcons,KOlusola,MariaSharapova,WWEUniverse,WWE,wizkhalifa,tarajiphenson,camerondallas,JVCKJ,jccaylen,KianLawley"
51,209,"Local Mix [Events, Self Help, Sports]",0.149877083,0.129707727,0.581395349,180.2966507,55.0,44.42583732,8.0,249.4880383,12.0,11,"paint,erfanfakhim,___,ksi,vape,schooler,ilov,wifi,need,fmoig,follow,0.875,middl,caregiv,commerci","GwinnettSchools,AtlantaMagazine,ajc,cl_atlanta,UGAAthletics,AtlantaFalcons,FOX5Atlanta,ATL_Events,wsbtv,Braves,AndyStanley,11AliveNews,ClarkHoward,ATLHawks,GeorgiaFootball,FultonCoSchools,GAFollowers,M_Ryan02,BillGates,CityofAtlanta,BarackObama,Talkmaster,TheEllenShow,cnnbrk,jimmyfallon"
52,432, ,0.140684844,0.121100575,0.284090909,144.5949074,87.0,71.78472222,6.0,447.92129630000005,8.0,6,"fashion,beauti,hair,lifestyl,jewelri,cloth,beard,live,apparel,item,life,i'm,price,style,accessori","ajc,wsbtv,karliekloss,AtlantaFalcons,GAFollowers,chrissyteigen,GiGiHadid,laurDIY,Caradelevingne,AndreaRussett,ALISHAMARIE,cl_atlanta,victoriabeckham,BethanyMota,lifeaseva,rclbeauty101,ATL_Events,heidiklum,ATLHawks,marcjacobs,KendallJenner,Bourdain,CityofAtlanta,KasimReed,travel"
53,511,Travel,0.113610115,0.061713712000000004,0.47311828,495.2524462,258.0,545.5479452000001,76.0,2432.710372,222.0,29,"travel,hotel,airport,trip,luxuri,experi,pilot,wanderlust,cruis,adventur,servic,compani,bed,airlin,food","ajc,TravelLeisure,travelchannel,NatGeoTravel,Delta,CNTraveler,lonelyplanet,SouthwestAir,TravelMagazine,wsbtv,AmericanAir,cl_atlanta,fodorstravel,united,JetBlue,ATL_Events,AtlantaMagazine,TripAdvisor,CityofAtlanta,usatodaytravel,BarackObama,nytimestravel,travel,GAFollowers,nytimes"
54,230, ,0.142472867,0.100286098,0.291666667,542.5652173999999,396.0,802.4173913,120.0,5400.952174,1204.0,100,"love,mother,god,forgotten,#paparazzi,bivin,life,tale,beasley,edit,singer,imag,changer,new,priestess","MrRickyBell,617MikeBiv,KingBobbyBrown,RonDeVoe,JohnnyGill,RalphTresvant,BarackObama,NewEdition,tarajiphenson,KevinHart4real,Tip,Oprah,tylerperry,ajc,RickeySmiley,rihanna,itsgabrielleu,MichelleObama,Ludacris,IAmSteveHarvey,wsbtv,Diddy,TheEllenShow,Kandi,maryjblige"
55,205, ,0.12203101599999999,0.08018794900000001,0.651515152,434.20975610000005,302.0,893.7073171,145.0,10789.146340000001,714.0,75,"busi,founder,radiant,entrepreneur,owner,best,ceo,awad,gwaan,small,consult,help,hive,wine,passion","BarbaraCorcoran,robertherjavec,LoriGreiner,kevinolearytv,TheSharkDaymond,mcuban,ABCSharkTank,ajc,BarackObama,Oprah,realDonaldTrump,Entrepreneur,Forbes,BillGates,cnnbrk,wsbtv,CNN,nytimes,CityofAtlanta,elonmusk,FOX5Atlanta,TheEllenShow,WSJ,GAFollowers,marcuslemonis"
56,214, ,0.153319966,0.145402153,0.22352941199999998,489.02336449999996,334.0,610.2570092999999,161.0,7913.7242989999995,2749.5,129,"cheekyman,scentsi,live,heart,princess,lover,#seo,guru,gorgeous,ny,belong,#brand,oh,healthier,wifey","snooki,DJPaulyD,VINNYGUADAGNINO,JENNIWOWW,KimKardashian,khloekardashian,kourtneykardash,Drake,TheEllenShow,rihanna,BarackObama,robkardashian,KylieJenner,SammiSweetheart,wizkhalifa,DeenaNicoleMTV,LilTunechi,ajc,justinbieber,chrisbrown,KevinHart4real,ladygaga,NICKIMINAJ,KendallJenner,MileyCyrus"
57,546, ,0.111816858,0.068873354,0.201465201,352.2271062,230.0,1087.4853480000002,93.5,2430.9798530000003,434.0,49,"lover,mom,love,wife,dog,travel,i'm,photograph,friend,thing,work,anim,daughter,fanat,mother","BertShowBert,TheBertShow,KrisKling,JeffDauler,ajc,JennHobby,TheEllenShow,MelissaCarter,CassandraYoung,Q997Atlanta,jimmyfallon,wsbtv,BarackObama,cnnbrk,DaviCrimmins,wendyradio,MootePoints,jtimberlake,Oprah,taylorswift13,AtlantaFalcons,CNN,Braves,chelseahandler,11AliveNews"
58,494, ,0.117816941,0.06789071599999999,0.17857142899999998,343.4493927,284.0,202.77935219999998,82.0,2429.121457,561.0,63,"lover,love,realiti,mom,life,tv,wife,friend,rodan,wine,dog,obsess,thing,girl,bravo","TheEllenShow,ajc,Andy,KyleRichards,Bethenny,LisaVanderpump,jimmyfallon,BravoTV,KimKardashian,jtimberlake,BarackObama,taylorswift13,chelseahandler,khloekardashian,tamrajudgeOC,NeNeLeakes,Kimzolciak,katyperry,Oprah,kourtneykardash,Teresa_Giudice,ladygaga,britneyspears,blakeshelton,BrandiGlanville"
59,217, ,0.14015017400000002,0.124300978,0.363636364,517.0046083000001,362.0,474.57142860000005,100.0,5672.0645159999995,887.0,85,"__'__________,______,mother,actor,love,unsigned_muzik,god,let,actress,pas,jr,jah,music,healthi,youtub","JussieSmollett,EmpireFOX,YazzTheGreatest,tarajiphenson,BarackObama,LadyGraceByers,GabbySidibe,leedanielsent,KevinHart4real,rihanna,terrencehoward,tylerperry,Oprah,Tip,Drake,TheEllenShow,chrisbrown,ajc,TaRhondajay,itsgabrielleu,EmpireWriters,aliciakeys,wsbtv,kerrywashington,KimKardashian"
60,422, ,0.18409865,0.164306666,0.333333333,587.0521327,452.0,1284.158768,591.5,27019.751180000003,13900.5,148,"ig,bitch,instagram,atl,model,clark,gsu,bo,mommi,lash,snapchat,sdvr,________,missambergold,djjoebrown","ShannadeJenee,ShannonJessie,rihanna,theestallion,NICKIMINAJ,iamcardib,KimKardashian,AriTheDon,waydamin,Drake,ThegirlJT,1future,KylieJenner,youngthug,AaliyahJay,IAMSUMMERWALKER,sza,OkayKarlae,JheneAiko,kashdoll,dearra,GAFollowers,lilbaby4PF,chrisbrown,kanyewest"
61,616,Georgia Tech,0.11948543199999999,0.057547327,0.558375635,317.8441558,113.0,590.9707792,33.0,1686.8993510000003,59.5,21,"@georgiatech,tech,student,engin,phd,comput,georgia,gt,@gtcomput,cs,ml,scienc,research,#machinelearn,learn","GeorgiaTech,ajc,CityofAtlanta,MidtownATL,wsbtv,AtlantaFalcons,ATL_Events,AtlantaMagazine,AtlantaBeltLine,cl_atlanta,GAFollowers,DiscoverAtlanta,FOX5Atlanta,ATLHawks,piedmontpark,11AliveNews,KasimReed,AtlBizChron,ATLINtownPaper,BarackObama,AtlanticStation,Braves,ATLUTD,fatbellybella,gtcomputing"
62,280, ,0.12777704199999998,0.117847615,0.795454545,902.7392857000001,435.0,1536.564286,79.5,5318.953571,208.0,28,"sport,footbal,nfl,fan,player,nba,@mbstadium,hof,falcon,@atlantafalcon,jboykin,sponsorship,beek,athlet,fantasi","Raiders,steelers,Seahawks,AtlantaFalcons,Broncos,Ravens,Giants,Patriots,dallascowboys,packers,Panthers,RamsNFL,HoustonTexans,Chiefs,Eagles,ajc,NFL,Saints,Buccaneers,49ers,Chargers,Browns,Vikings,Colts,nyjets"
63,243, ,0.134038787,0.090476346,0.24137931,580.3127572000001,298.0,560.0,113.0,2375.333333,557.0,62,"fit,trainer,health,weight,workout,yoga,person,nutrit,loss,certifi,bodi,healthi,coach,wax,fat","WomensHealthMag,healthmagazine,ajc,Shape_Magazine,FitnessMagazine,SELFmagazine,MensHealthMag,DrOz,wsbtv,ATL_Events,TheEllenShow,AtlantaMagazine,cl_atlanta,POPSUGARFitness,EverydayHealth,WholeFoods,Oprah,JillianMichaels,cnnbrk,PreventionMag,runnersworld,EatThisNotThat,CNN,DailyHealthTips,11AliveNews"
64,406, ,0.120023489,0.061141905999999996,0.538461538,265.5615764,150.0,365.6034483,41.5,2137.497537,155.5,26,"explor,wife,que,up,ahmadiyya,digan,endors,smartlipo,georgia,nyse,opinion,outbreak,ensur,polici,sabe","GovKemp,BrianKempGA,ajc,KeishaBottoms,realDonaldTrump,BarackObama,CityofAtlanta,wsbtv,JoeBiden,FOX5Atlanta,WhiteHouse,POTUS,nytimes,CNN,cnnbrk,WSJ,staceyabrams,CDCgov,sendavidperdue,GAFollowers,HillaryClinton,SpeakerPelosi,TheEllenShow,11AliveNews,elonmusk"
65,498,Kennesaw State University,0.135762901,0.065623977,0.518518519,285.96586349999995,101.0,244.1285141,18.0,3214.6064260000003,58.0,20,"ksu,kennesaw,locksmith,https://t.co/9hgrnwljso,state,construct,tape,rabbi,jewish,phonic,manag,i'm,compani,nurs,zta","kennesawstate,ajc,wsbtv,AtlantaFalcons,Braves,CobbSchools,ATLHawks,FOX5Atlanta,GAFollowers,11AliveNews,ATLUTD,KSUOwlNation,BarackObama,ATL_Events,RealCJ10,TheEllenShow,GeorgiaFootball,kennesawstfb,UGAAthletics,jimmyfallon,cl_atlanta,rihanna,espn,realDonaldTrump,cnnbrk"
66,532,Georgia Tech Sports,0.114880999,0.059035353,0.7951388890000001,615.8721805,398.0,1851.772556,227.0,5499.383459000001,1542.5,114,"tech,georgia,gt,jacket,offici,#togetherweswarm,yellow,@gtathlet,sport,footbal,@georgiatech,alum,#gojacket,husband,institut","GTAthletics,GeorgiaTechFB,ksugiuraajc,GeorgiaTech,CoachCollins,GTMBB,CoachPCJ,GTBaseball,GTFootball,ajc,Braves,GTJoshPastner,GTToddStansbury,AtlantaFalcons,WesDurham,Buzz_GT,BarstoolGT,espn,Kelly_Quinlan,SportsCenter,AndyDemetra,ATLUTD,RoddyJones20,ATLHawks,FTRSBlog"
67,340,AuburnU,0.108520006,0.08432027199999999,0.6264367820000001,460.3,336.0,4054.808824,165.5,5252.473529,1548.5,115,"auburn,eagl,war,sport,#wareagl,@auburnu,alum,au,enthusiast,#wde,wde,fan,footbal,grad,tiger","AuburnFootball,AuburnTigers,CoachGusMalzahn,AuburnU,ajc,CameronNewton,coachbrucepearl,Braves,WarBlogle,AUFAMILY,DrunkAubie,AuburnMBB,BoJackson,CollegeGameDay,espn,SportsCenter,AubietheTiger01,realDonaldTrump,ESPNCFB,BarackObama,SECNetwork,AyeyoKEJO,wareaglereader,AGreeneIV,TreMason"
68,547, ,0.11496785,0.060345058,0.887417219,547.0329068,378.0,876.0548446,106.0,2684.800731,539.0,61,"golf,golfer,husband,tour,father,pga,sport,cours,tee,miss,club,dad,calendar,jone,fan","RickieFowler,McIlroyRory,TigerWoods,PGATOUR,bubbawatson,JordanSpieth,TheMasters,GolfChannel,DJohnsonPGA,ajc,JasonDufner,Fehertwit,GolfDigest,realDonaldTrump,IanJamesPoulter,SportsCenter,espn,Braves,PhilMickelson,Keegan_Bradley,JDayGolf,AtlantaFalcons,PGA_JohnDaly,JustinRose99,TheSergioGarcia"
69,232, ,0.120224676,0.086897525,0.22137404600000002,573.5387931,468.5,474.25,254.0,2656.663793,972.0,91,"pr,communic,relat,market,pro,public,profession,media,#pr,foodi,lover,comm,enthusiast,mom,social","ajc,PRSA,prsageorgia,PRNews,nytimes,mashable,PRWeekUS,APStylebook,AP,PRDaily,cnnbrk,BarackObama,wsbtv,CNN,WSJ,AtlantaMagazine,EdelmanPR,PRNewswire,PRDailyNews,adage,cl_atlanta,KetchumPR,AtlBizChron,NPR,HuffPost"
70,512, ,0.109199487,0.074000362,0.409356725,544.0839844,286.0,687.0390625,79.0,2537.59375,278.0,32,"food,chef,cook,cater,culinari,recip,travel,gourmet,foodi,eat,meal,drink,mom,love,tast","foodandwine,bonappetit,ajc,FoodNetwork,bflay,epicurious,altonbrown,Bourdain,nytfood,GuyFieri,SAVEURMAG,GDeLaurentiis,cl_atlanta,BarackObama,wsbtv,AtlantaMagazine,WholeFoods,jamieoliver,Mariobatali,seriouseats,ATL_Events,TheEllenShow,jimmyfallon,tomcolicchio,rachaelray"
71,531, ,0.112225403,0.057165272,0.588832487,384.35216569999994,217.0,700.2806026000001,107.0,6178.92467,809.0,81,"own,de,____,manera,en,cbd,fluoresc,alum,all-tim,atlanta,¹__,kilt,gatech,trap,brett","ATLUTD,ajc,AtlantaFalcons,GAFollowers,ATLHawks,BarackObama,wsbtv,CityofAtlanta,ATL_Events,AtlantaMagazine,cl_atlanta,Braves,FOX5Atlanta,TheEllenShow,OldGeorgiaPics,GeorgiaPics,SportsCenter,AtlantaBeltLine,2DayInGAHistory,espn,CNN,11AliveNews,KeishaBottoms,cnnbrk,jimmyfallon"
72,373,Millitary,0.11577345300000001,0.059682302,0.7109375,490.8203753,292.0,800.3324397000001,81.0,3562.7908850000003,384.0,43,"veteran,secur,militari,feder,solut,busi,american,govern,oper,crisi,special,manag,dvid,saka,kaboom","DeptofDefense,DHSgov,ajc,StateDept,USArmy,WhiteHouse,FBI,BarackObama,USNavy,USMC,usairforce,CIA,realDonaldTrump,wsbtv,CNN,POTUS,nytimes,CityofAtlanta,TheJusticeDept,NASA,cnnbrk,WSJ,SecretService,washingtonpost,USNationalGuard"
73,782, ,0.159094374,0.109448535,0.8740157479999999,1290.377238,800.5,2678.795396,244.0,10930.7289,1910.0,121,"dm,content,male,porn,straight,adult,ig,video,onlyfan,freaki,creator,nsfw,atl,submiss,xxx","BlackSexVids,MissBNasty,TeannaTrump,SimoneRichards_,BrittneyJonesXX,TherealMsL0ndon,imGHETTOBARBIE,sexualbanditt,thekinkywave,imxxxdark,candacevon,theestallion,KrackinasssKeyy,LETHALLIPPSXXX,queensavagedoll,IamChASSity,RealKakeyy,therealpinkyxxx,theeministalli,notmyequal_xxx,dominicanraq,the_jada_fire,LUSCIOUSLOUIS,DestiniDaze,MochaXXXMenage"
74,457,UGA Sports,0.151904972,0.15750994599999998,0.594339623,232.30634569999998,73.0,107.66739609999999,9.0,454.90153169999996,11.0,9,"compani,roof,atlanta,provid,base,twitter,ga,custom,peopl,servic,fallout,larp,f_____,bornfam,aae","ajc,GeorgiaFootball,UGAAthletics,Braves,AtlantaFalcons,FOX5Atlanta,wsbtv,aaronmurray11,GAFollowers,RealCJ10,MarkRicht,11AliveNews,M_Ryan02,ATLHawks,FreddieFreeman5,GAFolIowers,TheEllenShow,jimmyfallon,BarackObama,SportsCenter,espn,cnnbrk,KevinHart4real,taylorswift13,katyperry"
75,1805,Game,0.096472023,0.050998807,0.8350730690000001,552.2919668,343.0,4114.691967,115.0,6426.53795,1446.0,111,"game,gamer,twitch,streamer,stream,anim,video,play,affili,youtub,esport,player,psn,@twitch,discord","PlayStation,Twitch,NintendoAmerica,Xbox,IGN,RockstarGames,BarackObama,Ubisoft,elonmusk,Ninja,FortniteGame,Steam,MrBeastYT,discord,Pokemon,timthetatman,EA,drdisrespect,GameSpot,Bungie,PlayOverwatch,Nadeshot,pokimanelol,E3,YouTube"
76,210, ,0.157991407,0.137999992,0.728571429,357.4095238,275.0,476.4190476,222.0,10452.090479999999,2841.0,132,"love,____,yoadrienn,cortez,amaya,milit,des,way,pour,yet,sane,instagram,take,boss,decent","VineCreators,TwitterVideo,BarackObama,ajc,GAFollowers,Drake,KevinHart4real,rihanna,wizkhalifa,LilTunechi,KingJames,chrisbrown,TheEllenShow,JColeNC,1future,wsbtv,iamcardib,instagram,kanyewest,Wale,theestallion,Tip,lilduval,NBA,NICKIMINAJ"
77,635,Georgia High School Sports,0.121919347,0.063656884,0.819004525,1189.8944880000001,636.0,1559.285039,373.0,3861.5590549999997,956.0,89,"coach,school,high,footbal,athlet,qb,gpa,db,wr,hs,lb,rb,westlak,class,sport","RecruitGeorgia,ChadSimmons_,OfficialGHSA,Mansell247,High5Sports,247Sports,Rivals,GPBsports,WSBTVsports,SportsCenter,therealkwat,scoreatlanta,NFL,espn,GeorgiaFootball,ajc,247recruiting,KingJames,AtlantaFalcons,wsbtv,MaxPreps,BleacherReport,GAFollowers,TheOpening,RisingSeniors"
78,647, ,0.15445167199999998,0.088618984,0.882352941,592.1251932,397.0,878.6460587000001,228.0,12094.66615,3213.0,136,"sneaker,sneakerhead,ig,#sneakerhead,instagram,kick,nike,season,legendarycop,youtub,god,bio,shoe,ep,link","nikestore,footlocker,nicekicks,SneakerNews,kicksonfire,Nike,FinishLine,Jumpman23,SoleCollector,KicksDeals,J23app,ComplexSneakers,SOLELINKS,champssports,KingJames,adidasoriginals,Footaction,Drake,sneakersteal,Eastbay,kanyewest,SneakerShouts,SportsCenter,GAFollowers,BarackObama"
79,1731,Christian,0.090658597,0.037709195,0.41776315799999997,817.4026574,438.0,2823.059503,199.0,7912.963605,1174.0,98,"god,author,speaker,pastor,gospel,ministri,coach,jesus,life,love,christ,christian,church,purpos,minist","BishopJakes,BarackObama,JoyceMeyer,JoelOsteen,tylerperry,kirkfranklin,Oprah,IAmSteveHarvey,marvinsapp,RealFredHammond,kierrasheard,Donnieradio,ajc,therealmarymary,TyeTribbett,cecewinans,tashacobbs,KevinHart4real,tarajiphenson,jamalhbryant,MrJamesFortune,Keetwit,YolandaAdams,VaShawnMitchell,RevRunWisdom"
80,317, ,0.146608931,0.113015823,0.559322034,423.6656151000001,251.0,1182.523659,134.0,6796.33123,1469.0,112,"ig,da,tre,littl,5southshow,@coco,arianah,sweetheartlexus,just.hga,ashnikfit,teamk,rais,black,way,trap","KarlousM,DCYOUNGFLY,chicoBean,85SouthShow,WildNOut,theestallion,iamdesibanks,rihanna,iamcardib,Emanhudson,BarackObama,Drake,lilbaby4PF,gucci1017,chrisbrown,TheBSimone,JColeNC,MeekMill,KevinHart4real,GAFollowers,1future,Tip,WORLDSTAR,youngthug,DaBabyDaBaby"
81,392,NW Region - City of Marietta/Cobb County,0.107309473,0.06155096,0.48192771100000004,596.8852041,313.0,443.1096938999999,116.0,1835.9668370000002,310.5,34,"cobb,help,marietta,busi,atlanta,market,northwest,metro,solut,provid,driven,client,mail,us,area","ajc,CobbNewsNow,cobbcountygovt,cityofmarietta,mdjonline,wsbtv,CobbChamber,11AliveNews,CobbSchools,FOX5Atlanta,CityofAtlanta,AtlantaMagazine,ATL_Events,EastCobbPatch,CobbBuzz,eastcobber,visitmariettaga,SmyrnaPatch,SmyrnaNews,cl_atlanta,DiscoverAtlanta,Braves,cnnbrk,cbs46,AtlBizChron"
82,457, ,0.13122719,0.099907049,0.5954198470000001,296.3588621,169.0,115.4398249,30.0,714.1006565,43.0,19,"estat,profession,come,ga,adoro,ofcomput,showcas,artist,blerd,voluntari,cls,real,atlanta,firm,agent","ajc,Twitter,TheEllenShow,jimmyfallon,BarackObama,TwitterLive,ActuallyNPH,LIFE,wsbtv,BBCBreaking,stephenfry,TheEconomist,katyperry,BillGates,TwitterSports,rihanna,rickygervais,TEDTalks,jtimberlake,Reuters,CNN,hm,CHANEL,nytimes,ladygaga"
83,275,Marvel,0.13025925900000002,0.077964665,0.595505618,426.0036364,249.0,287.0218182,72.0,3522.938182,494.0,56,"comic,actor,marvel,movi,nerd,writer,opespillgam,cosplay,pop,tien,watch,becom,i'm,superhero,awkward","RobertDowneyJr,ChrisEvans,chrishemsworth,Avengers,Marvel,prattprattpratt,VancityReynolds,MarkRuffalo,JeremyRenner,BarackObama,CaptainAmerica,MarvelStudios,TomHolland1996,RealHughJackman,thorofficial,Iron_Man,Guardians,chadwickboseman,twhiddleston,SamuelLJackson,TheRealStanLee,theblackpanther,DrStrange,AntMan,ajc"
84,352,Black female entrepreneurs,0.11421543199999999,0.06642267,0.294736842,495.9147727,322.0,1490.403409,107.5,5764.855114,629.5,69,"black,brand,entrepreneur,author,busi,women,color,event,speaker,founder,cultur,line,chang,experi,bath","blackenterprise,blackvoices,EBONYMag,Essence,TheRoot,BarackObama,ajc,Oprah,CNN,BET,tylerperry,rolandsmartin,GetJETmag,tvonetv,cnnbrk,soledadobrien,wsbtv,nytimes,ava,tarajiphenson,MichelleObama,CityofAtlanta,IAmSteveHarvey,BLACKGIRLSROCK,KevinHart4real"
85,202, ,0.135866872,0.092565187,0.715686275,478.33168319999993,325.5,405.45049500000005,178.0,10757.77723,2757.0,130,"boston,patriot,celtic,england,sox,fan,@patriot,red,sport,bruin,pat,@thugnation47,connorsirk,alum,ri","Patriots,TomBrady,RobGronkowski,Edelman11,RedSox,BarackObama,celtics,NFL,SportsCenter,espn,ajc,AdamSchefter,GAFollowers,realDonaldTrump,NHLBruins,stephenasmith,davidortiz,barstoolsports,wojespn,BillSimmons,KingJames,jimmyfallon,BleacherReport,SHAQ,Drake"
86,743, ,0.09456192199999999,0.045067530999999994,0.481481481,878.4858681,478.0,1000.2974429999999,293.0,3696.916555,856.0,83,"market,digit,media,agenc,social,brand,advertis,strategi,#market,content,help,manag,busi,creativ,communic","ajc,mashable,adage,Adweek,FastCompany,TechCrunch,hootsuite,HubSpot,MarketingProfs,socialmedia2day,Forbes,nytimes,WIRED,AtlantaMagazine,WSJ,BarackObama,AMAAtlanta,Inc,cl_atlanta,HarvardBiz,Google,cnnbrk,CNN,SMExaminer,AtlBizChron"
87,323, ,0.11679317,0.07015510900000001,0.365853659,529.4024768,329.0,854.1826625,132.0,5346.572755,1164.0,97,"appel,learner,salt,travel,i'm,#theresist,lawyer,design,tri,semicolon,dptraynor,opinion,photograph,dracula,mom","RogueNASA,NotAltWorld,BarackObama,altUSEPA,RoguePOTUSStaff,HillaryClinton,AltPublicLands,MichelleObama,POTUS44,ajc,SenWarren,altusda,AOC,StephenAtHome,JoeBiden,Alt_CDC,nytimes,ACLU,SenSanders,neiltyson,Healthy_Policy,AltHHS,KamalaHarris,ewarren,BernieSanders"
88,216,Far NW Region ExUrbs,0.112735142,0.076617028,0.45555555600000003,563.412037,271.0,400.2314815,149.0,1659.944444,334.0,35,"atlanta,estat,clean,famili,perimet,experi,develop,vcap,home,provid,sell,firm,wife,diseas,gyro","ajc,DunwoodyGA,DunwoodyPolice,wsbtv,SandySpringsGA,DunwoodyCrier,11AliveNews,AtlantaMagazine,CityofAtlanta,FOX5Atlanta,ATL_Events,cl_atlanta,DunwoodyChamber,DiscoverAtlanta,DunwoodyPatch,GeorgiaAtoZ,NorthMetroNews,Reporter_News,ATLINtownPaper,cnnbrk,DunwoodyHOA,AtlantaBeltLine,DeKalbNewsNow,VisitDunwoody,cbs46"
89,318,Super-Far NW Region ExUrbs,0.118572267,0.06967884,0.469230769,712.6698113,454.5,548.8993711,150.0,1978.7830190000002,415.5,46,"north,compani,servic,realtor,market,atlanta,metro,communityprofil,counti,provid,area,home,qualiti,event,clean","ajc,alpharettagov,AlpharettaPatch,AlpharettaCVB,NFultonNeighbor,CityofRoswellGA,RoswellPatch,wsbtv,AtlantaMagazine,AvalonInsider,CityofAtlanta,ATL_Events,cl_atlanta,DiscoverAtlanta,GrowAlpharetta,11AliveNews,FOX5Atlanta,cityofmiltonga,Alpharetta_CoC,AtlBizChron,gnfcc,northfulton,JohnsCreekPatch,cnnbrk,FultonCoSchools"
90,531,Misc Entertainment and Local Culture,0.15199278,0.100917861,0.623931624,230.23540490000002,90.0,115.1600753,11.0,2990.350282,19.0,16,"entertain,celebr,rap,i'm,hip-hop,hair,life,pew,music,rapper,paint,tv,god,real,hottest","tarajiphenson,ajc,fatbellybella,wsbtv,Tip,ryancameron,cl_atlanta,AtlantaFalcons,1future,KasimReed,GAFollowers,BarackObama,TheEllenShow,rihanna,FOX5Atlanta,Drake,jimmyfallon,KevinHart4real,RickeySmiley,Kandi,LilTunechi,ATL_Events,SportsCenter,chrisbrown,TreySongz"
91,887, ,0.097680474,0.048567944,0.556851312,587.4768884,356.0,1452.634724,217.0,2652.3517469999997,485.0,52,"communiti,citi,sustain,atlanta,urban,transit,transport,energi,solar,environment,develop,polici,organ,advoc,public","CityofAtlanta,AtlantaBeltLine,ajc,atlcouncil,cl_atlanta,AtlantaMagazine,KeishaBottoms,TimKeaneATL,AtlantaRegional,ATLPlanning,atlantabike,ryangravel,SaportaReport,BarackObama,downtownatlanta,KasimReed,ATLResilience,MidtownATL,mariasaporta,ThreadATL,InvestAtlanta,atlurbanist,AtlBizChron,piedmontpark,CurbedAtlanta"
92,524,Regional Leadership Development & Philanthropy,0.11612746199999999,0.054293169,0.253623188,722.1870229,418.5,655.1526717999999,248.0,1873.055344,507.5,58,"nonprofit,communiti,homeless,organ,youth,help,non-profit,volunt,children,empow,program,provid,social,famili,fundrais","nonprofitorgs,unitedwayatl,ajc,CityofAtlanta,ACFB,gatesfoundation,Philanthropy,CandidDotOrg,CandidSouth,HandsOnAtlanta,KasimReed,AtlantaMagazine,BarackObama,BlankFoundation,AtlantaBeltLine,CARE,NonProfitTimes,dosomething,cl_atlanta,CaseFoundation,BillGates,npquarterly,wsbtv,ATLINtownPaper,Oprah"
93,385, ,0.11882280699999999,0.05822162400000001,0.586363636,634.5298701,440.0,904.9506493999999,271.0,2228.550649,418.0,47,"georgia,polit,polici,affair,govern,public,journal-constitut,state,report,ga,@ajc,law,attorney,uga,associ","ajc,politicalinsidr,AJCGaPolitics,bluestein,GovernorDeal,GaHouseHub,GASenatePress,CaseyCagle,wsbtv,GAassemblytweet,BrianKempGA,GAChamber,GaRepublicans,Georgia_AG,CharlieBHarper,georgiagov,toddmr,kbwingfield,gapundit,SenatorIsakson,peachpundit,NathanDeal,CityofAtlanta,samolens,KasimReed"
94,376, ,0.11867429,0.054746478,0.463917526,1014.558511,587.0,1242.984043,292.0,5392.170213,1043.0,94,"georgia,democrat,polit,state,legisl,progress,district,advoc,justic,opinion,polici,senat,law,activist,former","staceyabrams,GeorgiaDemocrat,BarackObama,elenaparent,bluestein,GAHouseDems,ajc,GASenateDems,NikemaWilliams,repjohnlewis,RepScottHolcomb,redclaydems,BeeForGeorgia,georgiayds,senatorjen,SenNanOrrock,politicalinsidr,CityofAtlanta,HillaryClinton,AJCGaPolitics,Cannonfor58,ossoff,fairfightaction,SamforGeorgia,KamalaHarris"
95,296, ,0.131562074,0.06330788,0.575949367,383.5439189,273.0,288.0574324,88.5,3093.462838,722.5,76,"cat,polit,emori,dog,born,interest,opinion,@wellstarhealth,phd,research,mama,disney,tweet,@georgiatechea,hiker","jonfavs,jonlovett,TVietor08,danpfeiffer,BarackObama,PodSaveAmerica,crookedmedia,AOC,JoeBiden,KamalaHarris,ewarren,staceyabrams,SenWarren,HillaryClinton,ajc,nytimes,MichelleObama,SenSanders,StephenAtHome,BernieSanders,jaketapper,maddow,NateSilver538,repjohnlewis,POTUS44"
96,246, ,0.138507293,0.078642795,0.28440367,379.9186992,250.0,712.9715447000001,180.0,5372.390244,1491.0,113,"dog,mom,actor,writer,mfa,coffe,biling,wife,belong,cinemat,peopl,potti,tweet,black,__","Lin_Manuel,HamiltonMusical,BarackObama,DaveedDiggs,leslieodomjr,dog_rates,dog_feelings,ReneeGoldsberry,Phillipasoo,chrissyteigen,ChrisisSingin,ARamosofficial,MichelleObama,AOC,ajc,TheEllenShow,JasCephasJones,JoeBiden,OakSmash,AnnaKendrick47,jimmyfallon,StephenAtHome,VancityReynolds,KamalaHarris,ActuallyNPH"
97,232, ,0.145663134,0.124126301,0.830508475,633.8965517000001,390.0,18615.05603,55.5,5380.965517000001,256.0,31,"basketbal,@nodunksinc,@theathleticnba,nba,hoop,sport,bball,sportstalk,podcast,follow,shaq,desd,turner,youtub,#nbatwitt","warriors,spurs,HoustonRockets,okcthunder,cavs,LAClippers,ATLHawks,KingJames,Lakers,MiamiHEAT,PelicansNBA,NBA,BrooklynNets,celtics,memgrizz,chicagobulls,Bucks,WashWizards,KDTrey5,StephenCurry30,sixers,hornets,nyknicks,Pacers,SportsCenter"
98,338,BLM,0.124206229,0.06933009700000001,0.8061224490000001,807.9230769,545.0,762.7071006,142.5,6058.156805,2148.0,123,"socialist,progress,berni,@metroatldsa,democrat,polit,#m4a,#bernie2020,#notmeus,#blm,#medicareforal,#blacklivesmatt,queer,medicar,abolish","AOC,briebriejoy,ninaturner,BernieSanders,SenSanders,IlhanMN,krystalball,RashidaTlaib,DemSocialists,KyleKulinski,BenjaminPDixon,justicedems,AnaKasparian,davidsirota,MetroATLDSA,ggreenwald,theintercept,cenkuygur,CornelWest,GravelInstitute,CoriBush,ryangrim,People4Bernie,jacobinmag,kenklippenstein"
99,390,Pop culture & news: Black progresive,0.12687657900000002,0.062217943,0.536363636,323.00256410000003,257.0,1251.8358970000002,218.5,11204.161540000001,3039.5,135,"alumna,black,#blacklivesmatt,phd,acab,queer,matter,hayley,gsu,_vegan,chees,telegram,ich,emori,criminolog","WhereProtest,BarackObama,AOC,GAFollowers,KeishaBottoms,ajc,staceyabrams,BernieSanders,chrissyteigen,MichelleObama,CityofAtlanta,LilNasX,theestallion,POTUS44,rihanna,iamcardib,nytimes,wsbtv,NPR,SenSanders,ewarren,repjohnlewis,chancetherapper,dog_rates,StephenAtHome"
100,902, ,0.104997015,0.045408462999999996,0.5042016810000001,294.0964523,132.0,627.3181818,39.5,2804.782705,134.5,25,"news,journalist,law,secur,american,sale,en,specialist,cnn,world,spend,instructor,litig,ingeniero,editor","ajc,BarackObama,cnnbrk,CNN,nytimes,AP,washingtonpost,BBCBreaking,wsbtv,WhiteHouse,BBCWorld,ABC,POTUS,WSJ,realDonaldTrump,Reuters,TIME,HillaryClinton,ObamaWhiteHouse,NBCNews,CBSNews,POTUS44,NPR,TheEllenShow,HuffPost"
101,385, ,0.124320043,0.062231035999999997,0.812121212,418.225974,214.0,592.6181818,66.0,2849.142857,444.0,50,"space,engin,data,student,aerospac,scienc,architect,tweet,1x,sci-fi,thing,hadoop,#tesla,enthusiast,mongodb","SpaceX,elonmusk,NASA,Tesla,BarackObama,Space_Station,BillGates,neiltyson,ajc,NASAJPL,NASAHubble,MarsCuriosity,NASAKennedy,realDonaldTrump,NASA_Johnson,nytimes,BillNye,StationCDRKelly,CityofAtlanta,NatGeo,AOC,wsbtv,CNN,POTUS,BBCBreaking"
102,402, ,0.118686841,0.06448061599999999,0.7230769229999999,598.1990049999999,426.0,1751.373134,159.5,7714.629353,2307.0,125,"geek,comic,writer,nerd,dragon,occasion,game,gamer,con,war,stuff,design,fantasi,most,convent","wilw,NathanFillion,SirPatStew,HamillHimself,feliciaday,ActuallyNPH,BarackObama,pattonoswalt,neilhimself,GeorgeTakei,StephenAtHome,levarburton,DragonCon,donttrythis,neiltyson,ConanOBrien,RobertDowneyJr,simonpegg,IanMcKellen,AOC,ChrisEvans,starwars,NASA,AlanTudyk,SteveMartinToGo"
103,243, ,0.122866782,0.105000038,0.693693694,576.8106996,428.0,642.2798353999999,135.0,4315.9135799999995,1572.0,116,"comedi,comedian,writer,comic,cat,host,movi,podcast,cherith,e-bay,stand-up,godaddi,tortilla,chees,funni","pattonoswalt,kumailn,PFTompkins,mulaney,StephenAtHome,ConanOBrien,SarahKSilverman,BarackObama,chelseaperetti,nickkroll,meganamram,robdelaney,marcmaron,birbigs,hannibalburess,JimGaffigan,TheOnion,kristenschaaled,AndyRichter,michaelianblack,SteveMartinToGo,AOC,azizansari,mradamscott,peteholmes"
104,208,Biden,0.128345452,0.059137779,0.5735294120000001,317.3461538,225.5,289.6346154,51.0,2688.288462,454.5,51,"leesadi,enforc,recoveri,data,lover,enthusiast,#justiceforbreonnataylor,black,learn,polit,forens,#blacklivesmatt,queer,feminist,flag","AOC,IlhanMN,RashidaTlaib,AyannaPressley,Ilhan,BarackObama,RepPressley,RepRashida,KamalaHarris,BernieSanders,SenSanders,ewarren,staceyabrams,SenWarren,JoeBiden,MichelleObama,SpeakerPelosi,RepMaxineWaters,HillaryClinton,nytimes,ajc,SenKamalaHarris,CNN,repjohnlewis,KeishaBottoms"
105,792, ,0.105466965,0.04849132,0.729372937,550.8156566,313.0,462.6123737,110.0,2689.0820710000003,381.5,41,"financi,busi,invest,financ,trader,compani,investor,capit,servic,solut,wealth,advisor,manag,profession,econom","Forbes,WSJ,ajc,business,CNBC,MarketWatch,TheEconomist,nytimes,businessinsider,FortuneMagazine,ReutersBiz,FinancialTimes,FT,Inc,CNN,cnnbrk,BarackObama,WSJbusiness,jimcramer,realDonaldTrump,BillGates,BW,Entrepreneur,HarvardBiz,Reuters"
106,276, ,0.116298376,0.06871608400000001,0.6964285709999999,716.1086957,461.5,762.8405797,243.0,2132.971014,878.5,84,"solut,technolog,cloud,softwar,mobil,custom,lead,provid,market,tech,sale,analyt,data,digit,applic","TechCrunch,WIRED,ajc,Gizmodo,ForbesTech,engadget,CNET,mashable,Gartner_inc,Forbes,WSJ,forrester,verge,BillGates,HarvardBiz,FastCompany,Google,lifehacker,CNETNews,nytimes,salesforce,hootsuite,HuffPostTech,CIOonline,Microsoft"
107,1273, ,0.085104338,0.041869625,0.7076124570000001,818.5428122999999,493.0,1263.780833,321.0,3086.8695989999997,709.0,74,"startup,tech,founder,entrepreneur,co-found,technolog,innov,build,ventur,market,ceo,develop,softwar,product,investor","ATLTechVillage,hypepotamus,VentureAtlanta,atdc,StartupAtlanta,davidcummings,ATLTechEdge,ajc,InvestAtlanta,TechCrunch,TechSquare,TAGthink,Angel_Atlanta,atlchamber,AtlBizChron,switchyards,pauljudge,elonmusk,ATLTechBlogs,BarackObama,CityofAtlanta,tavani,jen_bonnett,davempayne,FlashpointGT"
108,212,Republican1,0.13403000199999998,0.063953135,0.577235772,994.4905660000001,497.5,7008.3254719999995,200.0,5343.962264,840.0,82,"cnn,endors,@cnn,produc,journalist,retweet,editor,news,anchor,senior,hln,espaol,rt,en,alum","CNN,andersoncooper,wolfblitzer,BarackObama,cnnbrk,donlemon,jaketapper,Acosta,ChrisCuomo,AC360,DanaBashCNN,nytimes,BrookeBCNN,JohnKingCNN,HillaryClinton,brianstelter,drsanjaygupta,CNNPolitics,ajc,washingtonpost,AP,JoeBiden,soledadobrien,cnni,brikeilarcnn"
109,1883,Republican2,0.094423584,0.049652071,0.523920653,927.920871,366.0,1129.786511,97.0,6672.11418,1224.0,101,"#resist,polit,trump,liber,democrat,resist,vote,justic,#bidenharris2020,#fbr,#blm,retir,#theresist,wife,lover","BarackObama,JoeBiden,KamalaHarris,maddow,ProjectLincoln,HillaryClinton,SpeakerPelosi,gtconway3d,AOC,JoyAnnReid,MichelleObama,RepAdamSchiff,ewarren,SteveSchmidtSES,TheRickWilson,staceyabrams,SenWarren,PreetBharara,chrislhayes,jaketapper,nytimes,sarahcpr,SenKamalaHarris,Yamiche,Acosta"
110,464,Atlanta Sports: 929 The Game,0.11678137699999999,0.077498303,0.910614525,474.00646550000005,284.5,798.6961207,79.0,4773.655172,731.5,78,"sport,falcon,fan,atlanta,@929thegam,hawk,father,radio,#riseup,brave,unit,i'm,produc,husband,footbal","putemupcdukes,929TheGame,DukesandBell929,MikeBellATL,MikeConti929,Bighugh53,AtlantaFalcons,JohnFricke,JohnMichaelsU,MiddayShow929,wendyradio,TBM929,randymac81,squidbilly929,ATLHawks,BarackObama,Braves,ajc,archerqb16,SportsCenter,M_Ryan02,AdamSchefter,ATLUTD,NFL,espn"
111,350, ,0.140359449,0.09338738099999999,0.9542857140000001,384.10857139999996,313.5,620.8085714,201.5,4355.242857,1805.0,119,"alum,sport,brave,miss,fan,footbal,lacross,univers,gambler,ole,crimson,alabama,@whsboyslax,awl,like","BarstoolBigCat,PFTCommenter,barstoolsports,stoolpresidente,PardonMyTake,SportsCenter,realDonaldTrump,PatMcAfeeShow,AdamSchefter,Braves,espn,hen_ease,AtlantaFalcons,BleacherReport,ATLHawks,notthefakeSVP,GAFollowers,ATLUTD,KFCBarstool,wojespn,elonmusk,KingJames,ajc,BSSportsbook,_rone"
112,867, ,0.104791163,0.059058480999999996,0.807453416,630.5132641,437.0,2012.7312570000001,151.0,6728.247981999999,1597.0,117,"brave,basebal,sport,fan,#chopon,#brave,falcon,@brave,husband,atlanta,mlb,tweet,hawk,former,#forthea","Braves,RealCJ10,MLB,FreddieFreeman5,mlbbowman,Ken_Rosenthal,DOBrienATL,Buster_ESPN,FOXSportsBraves,LieutenantDans7,ajc,KevinMcAlpin,ronaldacunajr24,MLBNetwork,Tom_Glavine,KelsWingert,ozzie,AtlantaFalcons,mlbtraderumors,SportsCenter,espn,DaleMurphy3,680TheFan,PeterMoylan,JeffFrancoeur"
113,235,UGA Football1,0.140249452,0.12265661900000001,0.5505617979999999,274.4893617,138.0,315.7914894,51.0,3377.408511,235.0,30,"uga,dawg,periodont,netapp,#ugafootbal,conserv,prolli,buy,nu,administr,stunt,alpharetta,go,like,varsiti","GeorgiaFootball,UGAAthletics,ajc,AtlantaFalcons,wsbtv,GAFollowers,Braves,KirbySmartUGA,ATLHawks,FOX5Atlanta,BarackObama,realDonaldTrump,ATLUTD,11AliveNews,SportsCenter,TheEllenShow,TG3II,UGAfootballLive,MarkRicht,espn,KingJames,universityofga,cnnbrk,CityofAtlanta,jimmyfallon"
114,306,UGA Football2,0.119823539,0.074250093,0.8255033559999999,540.2581699,352.0,2091.611111,143.0,5163.405229,1250.5,103,"uga,dawg,footbal,#godawg,fan,go,georgia,sport,colleg,alum,bulldog,#committotheg,father,grad,husband","KirbySmartUGA,GeorgiaFootball,Flyguy2stackz,UGAAthletics,NickChubb21,FrommJake,TG3II,skinnyqb10,UGAfootballLive,aaronmurray11,RadiNabulsi,MarkRicht,MecoleHardman4,RoquanSmith1,ctowersajc,DawgNation,SethWEmerson,davidpollack47,Braves,Dawgs247,KirkHerbstreit,AtlantaFalcons,realDonaldTrump,Truthh4,CollegeGameDay"
115,264,Atlanta Sports (football) talk shows,0.120031223,0.084208092,0.882352941,462.6590909,295.5,346.62121210000004,72.0,2195.568182,357.5,36,"sport,fan,brave,father,dad,husband,falcon,control,casino,pest,uga,enthusiast,@hometeambleak,win,step","RealMattlanta,kingcfb,680TheFan,BFinn86,chrisdimino,sportsandra,FrontOfficeLos,steakshapiro,JohnKincade,buckbelue8,MattandChuck,Braves,CelliniNick,brianhoyt24,AtlantaFalcons,ajc,nickandchris680,HometeamBleak,buckandkincade,680thefrontrow,RealCJ10,ATLHawks,espn,wsbtv,M_Ryan02"
116,1773,Buisness / marketing,0.074898037,0.045832189,0.582582583,6358.2870840000005,1871.0,10566.56345,1728.0,18494.206430000002,5260.0,140,"market,author,help,speaker,busi,media,entrepreneur,expert,social,brand,coach,writer,digit,#market,consult","LeadToday,LollyDaskal,SiriouslySusan,BarackObama,ajc,benlandis,MurrayNewlands,AskAaronLee,CynthiaLIVE,LarryWentz,2morrowknight,WarrenWhitlock,kimgarst,colortheory,rogerhamilton,MySOdotCom,DrJeffersnBoggs,shwood,CollChris,StartupPro,alispagnola,AxelKoster,JETAR9,BruceVH,zaibatsu"
117,429, ,0.126065288,0.07997487,0.49624060200000003,333.88344989999996,140.0,1480.5058279999998,47.0,3814.967366,128.0,24,"atlanta,report,servic,accid,provid,traffic,metro,de,radio,news,injuri,@cbs46,area,wsb,consul","ajc,wsbtv,FOX5Atlanta,11AliveNews,CityofAtlanta,cbs46,11Alive,GoodDayAtlanta,AtlantaMagazine,cl_atlanta,ATL_Events,BarackObama,Atlanta_Police,DiscoverAtlanta,cnnbrk,wsbradio,MidtownATL,AtlantaBeltLine,ATLINtownPaper,CNN,KasimReed,GAFollowers,AtlantaFalcons,AtlBizChron,nytimes"
118,682, ,0.105057577,0.048047804000000006,0.519736842,694.2346041000001,400.5,2540.507331,187.0,5914.5,631.5,70,"news,@wsbtv,report,wsb-tv,fox,@fox5atlanta,anchor,investig,atlanta,emmi,photojournalist,produc,@gooddayatlanta,endors,journalist","ajc,wsbtv,FOX5Atlanta,CityofAtlanta,11AliveNews,FBlankenshipWSB,JovitaMoore,BradNitzWSB,KarenMintonWSB,GlennBurnsWSB,LindaWSB,GoodDayAtlanta,cbs46,JustinFarmerWSB,JoanneFOX5,MarkArum,CNN,BarackObama,cnnbrk,KatieBFOX5,carolsbargeWSB,Fox5Kaitlyn,cl_atlanta,MonicaWSB,wsbradio"
119,510,Atlanta fine/performing arts,0.104368756,0.054376618,0.386075949,605.5882353,401.5,2079.398039,243.0,2800.186275,576.5,64,"art,artist,theatr,atlanta,galleri,perform,contemporari,museum,curat,creativ,communiti,cultur,danc,visual,space","HighMuseumofArt,cl_atlanta,artsatlorg,ajc,TheWoodruff,WonderRoot,AtlantaMagazine,cl_atlantaarts,GoatFarmArtsCtr,ATL_Events,AtlantaBeltLine,BurnawayGA,atlcontemporary,ATLINtownPaper,CityofAtlanta,MOCAGA,AtlArtsNews,TheFoxTheatre,FluxProjects,mintatl,alliancetheatre,AtlantaPlanIt,piedmontpark,eyedrum,MidtownATL"
120,425, ,0.141942144,0.12409721,0.202380952,463.2588235,296.0,779.9623529,215.0,10529.87529,2802.0,131,"harri,shirlenea,rhea,tpwk,kind,1d,love,stan,@harry_styl,#taehyung,______'__,katie_sartorui,niall,5sos,wanna","Luke5SOS,Calum5SOS,Ashton5SOS,Michael5SOS,5SOS,Harry_Styles,NiallOfficial,Louis_Tomlinson,onedirection,LiamPayne,zaynmalik,ArianaGrande,justinbieber,ShawnMendes,edsheeran,BarackObama,rihanna,ddlovato,taylorswift13,halsey,Zendaya,troyesivan,GAFollowers,colesprouse,MileyCyrus"
121,657, ,0.11700684800000001,0.072006053,0.525423729,734.281583,369.0,597.7777778,120.0,6363.1369859999995,725.0,77,"love,i'm,lover,promot,kohanim,arial,honeysoforeign,thmh,gho,byy-polr,eazymontana,beauti,hair,music,friend","ajc,GAFollowers,AtlantaFalcons,BarackObama,wsbtv,CityofAtlanta,cl_atlanta,ATL_Events,ATLHawks,AtlantaMagazine,rihanna,Drake,TheEllenShow,KevinHart4real,KasimReed,KingJames,jimmyfallon,Oprah,kanyewest,kendricklamar,CNN,johnlegend,Diddy,cnnbrk,JColeNC"
122,2435, ,0.081170739,0.06191397,0.40740740700000005,600.7420945,341.0,931.2644764,192.0,2219.051335,397.0,45,"atlanta,food,restaur,event,local,buckhead,locat,chef,dine,bar,best,fresh,wine,servic,serv","ajc,AtlantaMagazine,ATL_Events,cl_atlanta,ATLINtownPaper,DiscoverAtlanta,tasteofatlanta,cl_atlantafood,MidtownATL,WhatNowAtlanta,atlantasocial,EaterAtlanta,piedmontpark,CityofAtlanta,yelpatlanta,ATLDiningNews,AtlantaBeltLine,AtlanticStation,DishAroundTown,TheFoxTheatre,MalikaBowling,ATLStreetFood,ATLCheap,handpickedatl,wsbtv"
123,573,Music: Atlanta Music Venues and Events,0.11423412599999999,0.061260168,0.653179191,627.1605585,401.0,607.1483421,189.0,3559.732984,503.0,57,"music,band,rock,atlanta,record,concert,indi,musician,event,roll,ga,funk,guitar,label,art","cl_atlanta,TabernacleATL,EARL_EAV,VarPlayhouse,masquerade_atl,CenterStageAtl,ajc,CriminalRecords,cl_atlantamusic,atlantamusic,drunkenunicorn,529_EAV,StarBarAtlanta,TerminalWest,OKProductions,ATL_Events,AtlantaMagazine,SmithsOldeBar,TheFoxTheatre,eddiesattic,waxnfacts,indieATL,cl_atlantaarts,tightbros,album88atlanta"
124,336, ,0.148620172,0.11514523300000001,0.185185185,380.55654760000004,270.0,579.0803571,228.0,9484.717262,3879.5,139,"___,gsu,insta,tpwk,alright,like,hi,#tpwk,______,rue,______,yee,haw,1d,feet","Harry_Styles,NiallOfficial,Louis_Tomlinson,LiamPayne,zaynmalik,onedirection,ArianaGrande,BarackObama,justinbieber,rihanna,GAFollowers,taylorswift13,TheEllenShow,edsheeran,colesprouse,KimKardashian,Drake,KylieJenner,LilNasX,Zendaya,chrissyteigen,selenagomez,KendallJenner,MileyCyrus,ladygaga"
125,395, ,0.158446063,0.121144783,0.25925925899999996,335.5113924,202.0,495.3113924,90.0,5069.18481,1019.0,92,"ig,insta,sc,idk,itsg0ldenn.nijah,sim,tiktok,love,ksu,snap,laynaa.grace,dadapeppa,instagram,cannabi,dolan","GraysonDolan,EthanDolan,emmachamberlain,ArianaGrande,jamescharles,justinbieber,DavidDobrik,ShawnMendes,KylieJenner,shanedawson,rihanna,JeffreeStar,KimKardashian,Zendaya,tanamongeau,camerondallas,KianLawley,jccaylen,selenagomez,BarackObama,iamcardib,KendallJenner,bretmanrock,colesprouse,TheEllenShow"
126,488,Black Podcasts / Vloggers,0.142806476,0.10851688300000001,0.375,386.0204918,309.0,554.6639343999999,240.5,20731.64344,7131.0,144,"black,alumna,i'm,thing,alum,ig,podcast,bald,#beyhiv,moon,creator,spelman,good,aunti,makeup","KidFury,crissles,ThisIsTheRead,IssaRae,BarackObama,HeyFranHey,rihanna,theestallion,solangeknowles,LookAtDustin,Beyonce,ajc,fatbellybella,MichelleObama,heyassante,chrissyteigen,Drake,iamcardib,cthagod,GAFollowers,chescaleigh,JColeNC,ava,FriendZonePod,sza"
127,284, ,0.137520476,0.09774028,0.479452055,533.9612676,449.5,850.8626761,526.5,31595.59507,16376.0,149,"ig,alumna,never,creator,netip,uga,kenyan,personifi,arrog,atl,hack,vt,entrepreneur,sweet,iu","airfarewatchdog,TheFlightDeal,SecretFlying,scottsflights,BarackObama,GAFollowers,rihanna,theestallion,AirfareSpot,FareDealAlert,ajc,FatKidDeals,Drake,MichelleObama,kanyewest,chrissyteigen,JColeNC,IssaRae,iamcardib,wsbtv,POTUS44,fatbellybella,CashApp,cnnbrk,1future"
128,512,"Music: Contemporary R&B, Jazz Rap, Alternaltive Hip-hop",0.13050952,0.09437059699999999,0.842105263,436.33007810000004,335.0,958.2207030999999,219.5,11433.35547,3777.0,138,"produc,ig,gsu,music,artist,creativ,morehous,still,black,ep,twitter,sound,spread,dfrnt,#blacklivesmatt","JIDsv,JColeNC,kendricklamar,vincestaples,tylerthecreator,zackfox,earlxsweat,kennybeats,smino,isaiahrashad,EarthGang,kanyewest,ScHoolboyQ,Thundercat,AriLennox,chancetherapper,sza,BarackObama,Dreamville,Bas,joeyBADASS,6LACK,LILUZIVERT,abdashsoul,trvisXX"
129,566, ,0.166377639,0.10487369,0.9243697479999999,428.15901060000004,286.5,1776.3162539999998,148.0,7216.008834,1313.0,106,"2k,ig,mbb,guard,youtub,instagram,yt,twitch,subscrib,atl,sub,athlet,hooper,basketbal,psn","NBA2K,Ronnie2K,KingJames,NBA,KDTrey5,BleacherReport,SportsCenter,kobebryant,wojespn,StephenCurry30,espn,Beluba,Drake,1future,LILUZIVERT,youngthug,lilbaby4PF,NBA2K_MyTEAM,russwest44,stephenasmith,TheTraeYoung,overtime,MeekMill,JaMorant,MELOD1P"
130,1404, ,0.092930864,0.055642095,0.852494577,446.0626781,307.0,886.6873219,198.5,14514.99145,2844.5,133,"sport,hawk,nba,basketbal,@atlhawk,#truetoatlanta,fan,ig,laker,alum,die,i'm,man,hoop,podcast","KingJames,wojespn,NBA,stephenasmith,SportsCenter,BarackObama,kobebryant,espn,KDTrey5,BleacherReport,ATLHawks,RealSkipBayless,GAFollowers,ajc,AdamSchefter,StephenCurry30,ESPNNBA,NBAonTNT,Drake,TheSteinLine,ShannonSharpe,ShamsCharania,SHAQ,AtlantaFalcons,NFL"
131,292,Atlanta Falcons,0.13538025199999998,0.110903709,0.8130841120000001,568.5205478999999,411.0,743.0,179.5,16482.90753,2956.0,134,"falcon,#riseup,sport,@atlantafalcon,fan,#falcon,atlanta,#brave,#truetoatlanta,nfl,brave,#hawk,#atlantafalcon,justwaldrop,#inbrotherhood","AtlantaFalcons,M_Ryan02,debo,juliojones_11,devontafreeman,GradyJarrett,Keanu_Neal,VicBeasley3,TheFalcoholic,roddywhiteTV,Mo_12_Sanu,NFL,DesmondTrufant,CalvinRidley1,ATLHawks,AdamSchefter,Teco_Raww,BarackObama,FreakMagic2,vxmcclure23,Braves,rockorocky,ATLUTD,GAFollowers,"
132,288,Atlanta Falcons2,0.133807223,0.09890120599999999,0.663366337,514.2291667,298.0,2016.6944440000002,96.0,3068.920139,514.0,60,"falcon,fan,sport,atlanta,#riseup,brave,footbal,hawk,father,born,chariti,husband,team,life,love","AtlantaFalcons,roddywhiteTV,juliojones_11,TonyGonzalez88,M_Ryan02,ajc,SeanWSpoon56,HDouglas83,Qui22Rodgers,WillyMo_25,TwentyJuan21,NFL,sj39,ATLHawks,pick_six22,Braves,CoreyPeters91,BarackObama,SportsCenter,JayUhfishul,espn,biermann71,55getlive,AdamSchefter,DesmondTrufant"
133,308, ,0.135117404,0.092453588,0.472527473,395.36363639999996,230.5,1020.961039,63.5,2864.159091,371.0,38,"jazz,music,love,art,beauti,comedian,educ,media,@loveultraradio,lmn,@naturaltrendz,legaci,live,exclam,lover","KevinHart4real,BarackObama,IAmSteveHarvey,tylerperry,Oprah,RickeySmiley,tarajiphenson,ajc,CedEntertainer,TheRealMikeEpps,itsgabrielleu,iamjamiefoxx,Tip,missjillscott,maryjblige,kerrywashington,IAMQUEENLATIFAH,TheEllenShow,fatbellybella,aliciakeys,common,MarlonWayans,justsanaa,rihanna,Kandi"
134,227,TV: Real Housewives of Atlanta,0.150966686,0.09455658900000001,0.366197183,335.45374449999997,192.0,350.5198238,55.0,3918.687225,279.0,33,"life,cocoaachanel,tastiest,new,love,cough,shade,enough,cook,bless,chef,manifest,brand,back,#smallbiz","CynthiaBailey10,Kandi,NeNeLeakes,Porsha4real,PhaedraParks,KenyaMoore,IamSheree,Kimzolciak,BarackObama,ajc,iheartMarlo,rihanna,PeterThomasRHOA,tarajiphenson,Andy,Oprah,wsbtv,Tip,TheEllenShow,KevinHart4real,KimKardashian,tylerperry,RickeySmiley,chrisbrown,Drake"
135,429,Black Media - Radio Pop Culture,0.147378863,0.09935248599999999,0.428571429,156.34032630000002,52.0,66.37062937,7.0,591.1212121,9.0,7,"hair,love,bling,i'm,stronger,hip-hop,rap,twerk,angeltwerk,jblackmon,regga,tax,suki,quot,get","ajc,Tip,RickeySmiley,tarajiphenson,wsbtv,tylerperry,ryancameron,AtlantaFalcons,Kandi,FOX5Atlanta,fatbellybella,V103Atlanta,1future,ATLHawks,ATL_Events,cl_atlanta,GAFollowers,KasimReed,CityofAtlanta,UncleRUSH,RevRunWisdom,hot1079atl,missjillscott,BigBoi,youngthug"
136,410,Atlanta reality TV,0.149327475,0.08961602699999999,0.291262136,401.99512200000004,255.5,2400.395122,74.0,7348.863415000001,370.0,37,"mother,singer,love,life,hair,entertain,beauti,Ä_____,enough,live,ladi,jade,stylist,actress,follow","RASHEEDA,kmichelle,MsJoseline,MsEricaDixon,hitmansteviej,BarackObama,MimiFaust,TamarBraxtonHer,reallilscrappy,rihanna,Kandi,Tip,KevinHart4real,ThaRealMommaDee,ajc,tarajiphenson,tonibraxton,chrisbrown,TrinaBraxton,IAMBENZINO,Drake,towandabraxton,wsbtv,TraciBraxton,NeNeLeakes"
137,493, ,0.133424236,0.090287854,0.6756756759999999,6047.294118,1735.0,6749.083164,1304.0,22507.19675,6139.0,142,"artist,produc,book,music,record,dj,songwrit,ceo,ent,featur,rapper,email,radio,singer,contact","iamBig7,djwaynemccardle,ProducerPower,wearebeatflix,rowdytukgoon,magicondabeat,beatflix_es,KingDivine315,ceodjasap,BenjaminEnfield,Stardom101Mag,collectionbeats,JulianBeatsCom,JaywanIncBeats,adorablecatsWOW,mrdreamzmag,Tip,LilBankhead945,JirocaMusic,RealMagicBeats,ATLTop20,AmpOnTheTrack,SleepSkee,6BillionPeople,Drake"
138,671,Music: Atlanta DJ,0.15053261199999998,0.120040787,0.68,1043.558867,738.0,4801.6542469999995,581.0,17606.2161,6026.0,141,"book,dj,contact,artist,music,ceo,ent,mixtap,promot,record,info,featur,produc,prod,offici","1future,DJSCREAM,DJDRAMA,Tip,2chainz,gucci1017,SpinzHoodrich,Djholiday,DJPrettyBoyTank,DJMLK,Rocko4Real,LilBankhead945,TheDjXRated,MeekMill,LilTunechi,hot1079atl,Drake,YoGotti,wizkhalifa,Diddy,KevinHart4real,LiveMixtapes,RickRoss,DjGregStreet,SonnyDigital"
139,276,Atlanta local celebrities,0.17673367399999998,0.157314999,0.263157895,697.3550725,519.0,2997.536232,647.0,23495.692030000002,12240.0,147,"ig,sc,alumna,__,instagram,#gsu,cau,insta,da,atl,snapchat,quinn,follow,ncat,queen","Zonnique,bahjarodriguez,reginae_carter1,lourdes_lolo,rihanna,chrisbrown,NICKIMINAJ,Drake,babydoll_omg,ToyaWright,TinyMajorMama,LilTunechi,1future,diggy_simmons,BarackObama,theestallion,JheneAiko,Zendaya,jacoblatimore,yafavdeyj,Tip,iamcardib,KimKardashian,TreySongz,JColeNC"
140,1663, ,0.11951623199999999,0.100521859,0.358490566,544.7390259,369.0,688.2832231000001,290.0,17166.28803,7215.0,145,"love,ig,life,i'm,im,follow,live,woman,know,god,instagram,#teamfollowback,hair,dream,mother","KevinHart4real,chrisbrown,rihanna,BarackObama,Drake,RevRunWisdom,OneLouderApps,NICKIMINAJ,TreySongz,Tip,LilTunechi,instagram,MonicaDenise,XSTROLOGY,Kandi,LaurenLondon,KimKardashian,tarajiphenson,ZodiacFacts,Diddy,ToyaWright,KeriHilson,RickeySmiley,lala,lilduval"
141,200, ,0.141623048,0.149516809,0.396226415,915.06,537.5,1825.315,349.5,6027.7,2291.0,124,"event,laid,hottest,person,book,fashion,shoe,jfli,info@theepiphanysuite.com,@ibnxradio,lifestyl,pynk,v103,relat,live","ryancameron,FRANKSKI,BarackObama,ajc,RashanAli,Kandi,Oprah,KevinHart4real,V103Atlanta,NinaBrown,Diddy,RevRunWisdom,Ludacris,elleduncanESPN,KennyBurns,MonicaDenise,RickeySmiley,UncleRUSH,xonecole,tarajiphenson,Tip,KasimReed,KeriHilson,WandaSmith_ATL,DjGregStreet"
142,390, ,0.159223594,0.096518353,0.273684211,292.16410260000004,185.5,310.16410260000004,111.0,6402.617949,1055.5,95,"blm,insta,ig,like,tatianaaxv,bryttanyvictoria,love,hi,instagram,makeup,que,cough,atl,spread,twitter","JeffreeStar,shanedawson,jamescharles,KylieJenner,KimKardashian,iamcardib,ArianaGrande,rihanna,tanamongeau,bretmanrock,khloekardashian,KendallJenner,NikitaDragun,BarackObama,DavidDobrik,TheEllenShow,MileyCyrus,Drake,kourtneykardash,pulte,PostMalone,GAFollowers,justinbieber,emmachamberlain,LilNasX"
143,367, ,0.14894146,0.09895662599999999,0.25,278.46866489999996,232.0,362.84468660000005,194.0,7362.351498999999,2577.0,128,"emo,acab,uh,kind,schmuck,yip,polish,venmo,blm,main,__,stingray,yeet,killa,allstar","colesprouse,dylansprouse,CaucasianJames,codyko,LilNasX,BarackObama,caseykfrey,GAFollowers,quenblackwell,chrissyteigen,tylerthecreator,thenoelmiller,Zendaya,Harry_Styles,goodbeanalt,ArianaGrande,AOC,PostMalone,BernieSanders,emmachamberlain,Drake,rihanna,RealChalamet,jaboukie,SheRatesDogs"
144,2943, ,0.11170976,0.081233601,0.46192893399999996,1733.0377170000002,928.0,2185.682297,1052.0,28954.13897,16551.0,150,"ig,alumna,sc,gsu,atl,snapchat,instagram,god,mommi,state,youtub,insta,cau,major,rest","KameronBennett,GAFollowers,theestallion,Atlantafollowme,1hakz_,jakecardiff401,rihanna,iamcardib,Drake,echemadubuike,BlackDivaModels,BarackObama,1future,KylanDMorris,chrisbrown,NICKIMINAJ,Dex_Jay,ATLPartyPlug,John_Cardiff_,JColeNC,MichaelPeter301,CardiffBros,workwthecoach,TheRealDBELLZ,CjayyTaughtHer"
145,5904, ,0.116054249,0.09475685800000001,0.531400966,387.7234079,238.0,825.7481369,222.5,9853.613652,2001.5,122,"ig,instagram,sc,insta,atl,gsu,fmoig,snap,youtub,follow,shit,snapchat,lash,bitch,god","lilbaby4PF,youngthug,1future,theestallion,lildurk,waydamin,AriTheDon,iamcardib,LILUZIVERT,MoneyBaggYo,21savage,dearra,1GunnaGunna,rihanna,MeekMill,gucci1017,Drake,RoddyRicch,ThegirlJT,lilyachty,trvisXX,DaBabyDaBaby,IAMSUMMERWALKER,KodakBlack1k,"
146,269, ,0.174054751,0.144066251,0.512820513,543.0334572,371.0,888.9591078,485.0,17965.67658,8137.0,146,"ig,alumna,morehous,futur,daloamazin,k_chuckman,atl,gsu,#blacklivesmatt,state,np,wbb,god,uwg,everywher","INTERIORPORN1,benwegmann,GAFollowers,rihanna,theestallion,HBCUfessions,BarackObama,iamcardib,milktpapi,JheneAiko,JColeNC,Drake,iamdesibanks,Druski2Funny,BrotherNature,LilNasX,YPAtlantaGA,kanyewest,CashApp,1future,sza,Zendaya,DemetriusHarmon,BiIlionaires,MeekMill"
147,313, ,0.167666196,0.136772082,0.111111111,253.4057508,180.0,2004.025559,183.0,9655.057508,3389.0,137,"gsu,ig,#blacklivesmatt,insta,gibran,sc,____,jalisco,everyon,silk,spam,ari,long,bitch,kpop","bretmanrock,theestallion,LilNasX,iamcardib,quenblackwell,BrotherNature,rihanna,ArianaGrande,milktpapi,DemetriusHarmon,Zendaya,GAFollowers,sanbenito,BarackObama,DojaCat,sza,JAYVERSACE,KylieJenner,lifeofrickey,tylerthecreator,JheneAiko,chrissyteigen,Drake,Kehlani,theweeknd"
148,580, ,0.148503775,0.120127015,0.294117647,495.73103449999996,321.5,945.2931034,373.0,19881.24828,7028.5,143,"ig,alumna,gsu,black,matter,leo,mua,spelman,ari,moon,__,femm,atl,howardu,scorpio","jackieaina,theestallion,alissa_ashleyy,rihanna,arnellarmon,melanatedmomma,sza,JheneAiko,Zendaya,MakeupForWOC,JAYVERSACE,choycebrown,Kehlani,iamcardib,BarackObama,GAFollowers,LilNasX,AriLennox,IAMSUMMERWALKER,LaBeautyologist,IssaRae,quenblackwell,Drake,DemetriusHarmon,AaliyahJay"
